id_producto,descripcion,id_sku,sku_label,tonalidad,talla,stock_total,stock_por_almacen
72,1 BOTON JEANS / TORMENTA,184,1 BOTON JEANS / TORMENTA - Azul Clasico - 30,Azul Clasico,30,0,1:ALM CENTRAL ESCALERA=0
72,1 BOTON JEANS / TORMENTA,185,1 BOTON JEANS / TORMENTA - Azul Clasico - 32,Azul Clasico,32,0,1:ALM CENTRAL ESCALERA=0
72,1 BOTON JEANS / TORMENTA,186,1 BOTON JEANS / TORMENTA - Azul Noche - 30,Azul Noche,30,0,1:ALM CENTRAL ESCALERA=0
72,1 BOTON JEANS / TORMENTA,187,1 BOTON JEANS / TORMENTA - Azul Noche - 32,Azul Noche,32,0,1:ALM CENTRAL ESCALERA=0
72,1 BOTON JEANS / TORMENTA,190,1 BOTON JEANS / TORMENTA - Blanco Roto - 30,Blanco Roto,30,0,1:ALM CENTRAL ESCALERA=0
72,1 BOTON JEANS / TORMENTA,191,1 BOTON JEANS / TORMENTA - Blanco Roto - 32,Blanco Roto,32,0,1:ALM CENTRAL ESCALERA=0
72,1 BOTON JEANS / TORMENTA,188,1 BOTON JEANS / TORMENTA - Celeste - 30,Celeste,30,0,1:ALM CENTRAL ESCALERA=0
72,1 BOTON JEANS / TORMENTA,189,1 BOTON JEANS / TORMENTA - Celeste - 32,Celeste,32,0,1:ALM CENTRAL ESCALERA=0
71,1 BOTON NEGRO / TORMENTA,192,1 BOTON NEGRO / TORMENTA - Negro - 30,Negro,30,0,1:ALM CENTRAL ESCALERA=0
71,1 BOTON NEGRO / TORMENTA,193,1 BOTON NEGRO / TORMENTA - Negro - 32,Negro,32,0,1:ALM CENTRAL ESCALERA=0
73,1 BOTON PLOMO / TORMENTA,196,1 BOTON PLOMO / TORMENTA - Gris - 28,Gris,28,0,1:ALM CENTRAL ESCALERA=0
73,1 BOTON PLOMO / TORMENTA,197,1 BOTON PLOMO / TORMENTA - Gris - 30,Gris,30,0,1:ALM CENTRAL ESCALERA=0
73,1 BOTON PLOMO / TORMENTA,194,1 BOTON PLOMO / TORMENTA - Gris Plomo - 28,Gris Plomo,28,0,1:ALM CENTRAL ESCALERA=0
73,1 BOTON PLOMO / TORMENTA,195,1 BOTON PLOMO / TORMENTA - Gris Plomo - 30,Gris Plomo,30,0,1:ALM CENTRAL ESCALERA=0
88,BLUSA / TORMENTA,77,BLUSA / TORMENTA - Azul - L,Azul,L,0,1:ALM CENTRAL ESCALERA=0
88,BLUSA / TORMENTA,76,BLUSA / TORMENTA - Azul - M,Azul,M,0,1:ALM CENTRAL ESCALERA=0
88,BLUSA / TORMENTA,75,BLUSA / TORMENTA - Azul - S,Azul,S,0,1:ALM CENTRAL ESCALERA=0
88,BLUSA / TORMENTA,86,BLUSA / TORMENTA - Beige - L,Beige,L,0,1:ALM CENTRAL ESCALERA=0
88,BLUSA / TORMENTA,85,BLUSA / TORMENTA - Beige - M,Beige,M,0,1:ALM CENTRAL ESCALERA=0
88,BLUSA / TORMENTA,84,BLUSA / TORMENTA - Beige - S,Beige,S,0,1:ALM CENTRAL ESCALERA=0
88,BLUSA / TORMENTA,83,BLUSA / TORMENTA - Blanco - L,Blanco,L,0,1:ALM CENTRAL ESCALERA=0
88,BLUSA / TORMENTA,82,BLUSA / TORMENTA - Blanco - M,Blanco,M,0,1:ALM CENTRAL ESCALERA=0
88,BLUSA / TORMENTA,81,BLUSA / TORMENTA - Blanco - S,Blanco,S,0,1:ALM CENTRAL ESCALERA=0
88,BLUSA / TORMENTA,80,BLUSA / TORMENTA - Celeste - L,Celeste,L,0,1:ALM CENTRAL ESCALERA=0
88,BLUSA / TORMENTA,79,BLUSA / TORMENTA - Celeste - M,Celeste,M,0,1:ALM CENTRAL ESCALERA=0
88,BLUSA / TORMENTA,78,BLUSA / TORMENTA - Celeste - S,Celeste,S,0,1:ALM CENTRAL ESCALERA=0
78,CAMISA JEANS MANGA LARGA / TORMENTA,168,CAMISA JEANS MANGA LARGA / TORMENTA - Azul Clasico - L,Azul Clasico,L,0,1:ALM CENTRAL ESCALERA=0
78,CAMISA JEANS MANGA LARGA / TORMENTA,167,CAMISA JEANS MANGA LARGA / TORMENTA - Azul Clasico - M,Azul Clasico,M,0,1:ALM CENTRAL ESCALERA=0
78,CAMISA JEANS MANGA LARGA / TORMENTA,166,CAMISA JEANS MANGA LARGA / TORMENTA - Azul Clasico - S,Azul Clasico,S,0,1:ALM CENTRAL ESCALERA=0
78,CAMISA JEANS MANGA LARGA / TORMENTA,171,CAMISA JEANS MANGA LARGA / TORMENTA - Celeste - L,Celeste,L,0,1:ALM CENTRAL ESCALERA=0
78,CAMISA JEANS MANGA LARGA / TORMENTA,170,CAMISA JEANS MANGA LARGA / TORMENTA - Celeste - M,Celeste,M,0,1:ALM CENTRAL ESCALERA=0
78,CAMISA JEANS MANGA LARGA / TORMENTA,169,CAMISA JEANS MANGA LARGA / TORMENTA - Celeste - S,Celeste,S,0,1:ALM CENTRAL ESCALERA=0
78,CAMISA JEANS MANGA LARGA / TORMENTA,174,CAMISA JEANS MANGA LARGA / TORMENTA - Hielo - L,Hielo,L,0,1:ALM CENTRAL ESCALERA=0
78,CAMISA JEANS MANGA LARGA / TORMENTA,173,CAMISA JEANS MANGA LARGA / TORMENTA - Hielo - M,Hielo,M,0,1:ALM CENTRAL ESCALERA=0
78,CAMISA JEANS MANGA LARGA / TORMENTA,172,CAMISA JEANS MANGA LARGA / TORMENTA - Hielo - S,Hielo,S,0,1:ALM CENTRAL ESCALERA=0
23,CASACA RIGIDA JEANS / TORMENTA,348,CASACA RIGIDA JEANS / TORMENTA - Azul Clasico - L,Azul Clasico,L,0,1:ALM CENTRAL ESCALERA=0
23,CASACA RIGIDA JEANS / TORMENTA,349,CASACA RIGIDA JEANS / TORMENTA - Azul Clasico - M,Azul Clasico,M,0,1:ALM CENTRAL ESCALERA=0
23,CASACA RIGIDA JEANS / TORMENTA,347,CASACA RIGIDA JEANS / TORMENTA - Azul Clasico - S,Azul Clasico,S,0,1:ALM CENTRAL ESCALERA=0
23,CASACA RIGIDA JEANS / TORMENTA,354,CASACA RIGIDA JEANS / TORMENTA - Celeste - L,Celeste,L,0,1:ALM CENTRAL ESCALERA=0
23,CASACA RIGIDA JEANS / TORMENTA,355,CASACA RIGIDA JEANS / TORMENTA - Celeste - M,Celeste,M,0,1:ALM CENTRAL ESCALERA=0
23,CASACA RIGIDA JEANS / TORMENTA,353,CASACA RIGIDA JEANS / TORMENTA - Celeste - S,Celeste,S,0,1:ALM CENTRAL ESCALERA=0
23,CASACA RIGIDA JEANS / TORMENTA,351,CASACA RIGIDA JEANS / TORMENTA - Gris - L,Gris,L,0,1:ALM CENTRAL ESCALERA=0
23,CASACA RIGIDA JEANS / TORMENTA,352,CASACA RIGIDA JEANS / TORMENTA - Gris - M,Gris,M,0,1:ALM CENTRAL ESCALERA=0
23,CASACA RIGIDA JEANS / TORMENTA,350,CASACA RIGIDA JEANS / TORMENTA - Gris - S,Gris,S,0,1:ALM CENTRAL ESCALERA=0
23,CASACA RIGIDA JEANS / TORMENTA,357,CASACA RIGIDA JEANS / TORMENTA - Hielo - L,Hielo,L,0,1:ALM CENTRAL ESCALERA=0
23,CASACA RIGIDA JEANS / TORMENTA,358,CASACA RIGIDA JEANS / TORMENTA - Hielo - M,Hielo,M,0,1:ALM CENTRAL ESCALERA=0
23,CASACA RIGIDA JEANS / TORMENTA,356,CASACA RIGIDA JEANS / TORMENTA - Hielo - S,Hielo,S,0,1:ALM CENTRAL ESCALERA=0
77,CASACA STRESH JEANS / TORMENTA,175,CASACA STRESH JEANS / TORMENTA - Azul Clasico - 28,Azul Clasico,28,0,1:ALM CENTRAL ESCALERA=0
77,CASACA STRESH JEANS / TORMENTA,176,CASACA STRESH JEANS / TORMENTA - Azul Clasico - 30,Azul Clasico,30,0,1:ALM CENTRAL ESCALERA=0
77,CASACA STRESH JEANS / TORMENTA,177,CASACA STRESH JEANS / TORMENTA - Azul Clasico - 32,Azul Clasico,32,0,1:ALM CENTRAL ESCALERA=0
77,CASACA STRESH JEANS / TORMENTA,181,CASACA STRESH JEANS / TORMENTA - Celeste - 28,Celeste,28,0,1:ALM CENTRAL ESCALERA=0
77,CASACA STRESH JEANS / TORMENTA,182,CASACA STRESH JEANS / TORMENTA - Celeste - 30,Celeste,30,0,1:ALM CENTRAL ESCALERA=0
77,CASACA STRESH JEANS / TORMENTA,183,CASACA STRESH JEANS / TORMENTA - Celeste - 32,Celeste,32,0,1:ALM CENTRAL ESCALERA=0
77,CASACA STRESH JEANS / TORMENTA,178,CASACA STRESH JEANS / TORMENTA - Gris - 28,Gris,28,0,1:ALM CENTRAL ESCALERA=0
77,CASACA STRESH JEANS / TORMENTA,179,CASACA STRESH JEANS / TORMENTA - Gris - 30,Gris,30,0,1:ALM CENTRAL ESCALERA=0
77,CASACA STRESH JEANS / TORMENTA,180,CASACA STRESH JEANS / TORMENTA - Gris - 32,Gris,32,0,1:ALM CENTRAL ESCALERA=0
65,FALDA SHORT CARGO JEANS / TORMENTA,210,FALDA SHORT CARGO JEANS / TORMENTA - Azul Clasico - 28,Azul Clasico,28,0,1:ALM CENTRAL ESCALERA=0
65,FALDA SHORT CARGO JEANS / TORMENTA,211,FALDA SHORT CARGO JEANS / TORMENTA - Azul Clasico - 30,Azul Clasico,30,0,1:ALM CENTRAL ESCALERA=0
65,FALDA SHORT CARGO JEANS / TORMENTA,212,FALDA SHORT CARGO JEANS / TORMENTA - Azul Clasico - 32,Azul Clasico,32,0,1:ALM CENTRAL ESCALERA=0
65,FALDA SHORT CARGO JEANS / TORMENTA,213,FALDA SHORT CARGO JEANS / TORMENTA - Azul Vintage - 28,Azul Vintage,28,0,1:ALM CENTRAL ESCALERA=0
65,FALDA SHORT CARGO JEANS / TORMENTA,214,FALDA SHORT CARGO JEANS / TORMENTA - Azul Vintage - 30,Azul Vintage,30,0,1:ALM CENTRAL ESCALERA=0
65,FALDA SHORT CARGO JEANS / TORMENTA,215,FALDA SHORT CARGO JEANS / TORMENTA - Azul Vintage - 32,Azul Vintage,32,0,1:ALM CENTRAL ESCALERA=0
65,FALDA SHORT CARGO JEANS / TORMENTA,219,FALDA SHORT CARGO JEANS / TORMENTA - Gris Plomo - 28,Gris Plomo,28,0,1:ALM CENTRAL ESCALERA=0
65,FALDA SHORT CARGO JEANS / TORMENTA,220,FALDA SHORT CARGO JEANS / TORMENTA - Gris Plomo - 30,Gris Plomo,30,0,1:ALM CENTRAL ESCALERA=0
65,FALDA SHORT CARGO JEANS / TORMENTA,221,FALDA SHORT CARGO JEANS / TORMENTA - Gris Plomo - 32,Gris Plomo,32,0,1:ALM CENTRAL ESCALERA=0
65,FALDA SHORT CARGO JEANS / TORMENTA,216,FALDA SHORT CARGO JEANS / TORMENTA - Hielo - 28,Hielo,28,0,1:ALM CENTRAL ESCALERA=0
65,FALDA SHORT CARGO JEANS / TORMENTA,217,FALDA SHORT CARGO JEANS / TORMENTA - Hielo - 30,Hielo,30,0,1:ALM CENTRAL ESCALERA=0
65,FALDA SHORT CARGO JEANS / TORMENTA,218,FALDA SHORT CARGO JEANS / TORMENTA - Hielo - 32,Hielo,32,0,1:ALM CENTRAL ESCALERA=0
81,FALDA SHORT EN PLIEGUES / TORMENTA,148,FALDA SHORT EN PLIEGUES / TORMENTA - Azul Clasico - 30,Azul Clasico,30,0,1:ALM CENTRAL ESCALERA=0
81,FALDA SHORT EN PLIEGUES / TORMENTA,149,FALDA SHORT EN PLIEGUES / TORMENTA - Azul Clasico - 32,Azul Clasico,32,0,1:ALM CENTRAL ESCALERA=0
81,FALDA SHORT EN PLIEGUES / TORMENTA,150,FALDA SHORT EN PLIEGUES / TORMENTA - Azul Clasico - 34,Azul Clasico,34,0,1:ALM CENTRAL ESCALERA=0
81,FALDA SHORT EN PLIEGUES / TORMENTA,151,FALDA SHORT EN PLIEGUES / TORMENTA - Celeste - 30,Celeste,30,0,1:ALM CENTRAL ESCALERA=0
81,FALDA SHORT EN PLIEGUES / TORMENTA,152,FALDA SHORT EN PLIEGUES / TORMENTA - Celeste - 32,Celeste,32,0,1:ALM CENTRAL ESCALERA=0
81,FALDA SHORT EN PLIEGUES / TORMENTA,153,FALDA SHORT EN PLIEGUES / TORMENTA - Celeste - 34,Celeste,34,0,1:ALM CENTRAL ESCALERA=0
81,FALDA SHORT EN PLIEGUES / TORMENTA,154,FALDA SHORT EN PLIEGUES / TORMENTA - Gris - 30,Gris,30,0,1:ALM CENTRAL ESCALERA=0
81,FALDA SHORT EN PLIEGUES / TORMENTA,155,FALDA SHORT EN PLIEGUES / TORMENTA - Gris - 32,Gris,32,0,1:ALM CENTRAL ESCALERA=0
81,FALDA SHORT EN PLIEGUES / TORMENTA,156,FALDA SHORT EN PLIEGUES / TORMENTA - Gris - 34,Gris,34,0,1:ALM CENTRAL ESCALERA=0
81,FALDA SHORT EN PLIEGUES / TORMENTA,157,FALDA SHORT EN PLIEGUES / TORMENTA - Gris Plomo - 30,Gris Plomo,30,0,1:ALM CENTRAL ESCALERA=0
81,FALDA SHORT EN PLIEGUES / TORMENTA,158,FALDA SHORT EN PLIEGUES / TORMENTA - Gris Plomo - 32,Gris Plomo,32,0,1:ALM CENTRAL ESCALERA=0
81,FALDA SHORT EN PLIEGUES / TORMENTA,159,FALDA SHORT EN PLIEGUES / TORMENTA - Gris Plomo - 34,Gris Plomo,34,0,1:ALM CENTRAL ESCALERA=0
107,FRESHTERRY JEAN / WOMAN,52,FRESHTERRY JEAN / WOMAN - Azul Clasico - 30,Azul Clasico,30,0,1:ALM CENTRAL ESCALERA=0
107,FRESHTERRY JEAN / WOMAN,53,FRESHTERRY JEAN / WOMAN - Azul Clasico - 34,Azul Clasico,34,0,1:ALM CENTRAL ESCALERA=0
107,FRESHTERRY JEAN / WOMAN,54,FRESHTERRY JEAN / WOMAN - Azul Pizarra - 30,Azul Pizarra,30,0,1:ALM CENTRAL ESCALERA=0
107,FRESHTERRY JEAN / WOMAN,55,FRESHTERRY JEAN / WOMAN - Azul Pizarra - 34,Azul Pizarra,34,0,1:ALM CENTRAL ESCALERA=0
107,FRESHTERRY JEAN / WOMAN,56,FRESHTERRY JEAN / WOMAN - Azul Vintage - 30,Azul Vintage,30,0,1:ALM CENTRAL ESCALERA=0
107,FRESHTERRY JEAN / WOMAN,57,FRESHTERRY JEAN / WOMAN - Azul Vintage - 34,Azul Vintage,34,0,1:ALM CENTRAL ESCALERA=0
63,FRESHTERRY JEANS / TORMENTA,222,FRESHTERRY JEANS / TORMENTA - Azul Clasico - 26,Azul Clasico,26,0,1:ALM CENTRAL ESCALERA=0
63,FRESHTERRY JEANS / TORMENTA,223,FRESHTERRY JEANS / TORMENTA - Azul Clasico - 30,Azul Clasico,30,0,1:ALM CENTRAL ESCALERA=0
63,FRESHTERRY JEANS / TORMENTA,224,FRESHTERRY JEANS / TORMENTA - Azul Clasico - 34,Azul Clasico,34,0,1:ALM CENTRAL ESCALERA=0
63,FRESHTERRY JEANS / TORMENTA,225,FRESHTERRY JEANS / TORMENTA - Azul Noche - 26,Azul Noche,26,0,1:ALM CENTRAL ESCALERA=0
63,FRESHTERRY JEANS / TORMENTA,226,FRESHTERRY JEANS / TORMENTA - Azul Noche - 30,Azul Noche,30,0,1:ALM CENTRAL ESCALERA=0
63,FRESHTERRY JEANS / TORMENTA,227,FRESHTERRY JEANS / TORMENTA - Azul Noche - 34,Azul Noche,34,0,1:ALM CENTRAL ESCALERA=0
63,FRESHTERRY JEANS / TORMENTA,228,FRESHTERRY JEANS / TORMENTA - Azul Pizarra - 26,Azul Pizarra,26,0,1:ALM CENTRAL ESCALERA=0
63,FRESHTERRY JEANS / TORMENTA,229,FRESHTERRY JEANS / TORMENTA - Azul Pizarra - 30,Azul Pizarra,30,0,1:ALM CENTRAL ESCALERA=0
63,FRESHTERRY JEANS / TORMENTA,230,FRESHTERRY JEANS / TORMENTA - Azul Pizarra - 34,Azul Pizarra,34,0,1:ALM CENTRAL ESCALERA=0
63,FRESHTERRY JEANS / TORMENTA,231,FRESHTERRY JEANS / TORMENTA - Celeste - 26,Celeste,26,0,1:ALM CENTRAL ESCALERA=0
63,FRESHTERRY JEANS / TORMENTA,232,FRESHTERRY JEANS / TORMENTA - Celeste - 30,Celeste,30,0,1:ALM CENTRAL ESCALERA=0
63,FRESHTERRY JEANS / TORMENTA,233,FRESHTERRY JEANS / TORMENTA - Celeste - 34,Celeste,34,0,1:ALM CENTRAL ESCALERA=0
63,FRESHTERRY JEANS / TORMENTA,234,FRESHTERRY JEANS / TORMENTA - Gris - 26,Gris,26,0,1:ALM CENTRAL ESCALERA=0
63,FRESHTERRY JEANS / TORMENTA,235,FRESHTERRY JEANS / TORMENTA - Gris - 30,Gris,30,0,1:ALM CENTRAL ESCALERA=0
63,FRESHTERRY JEANS / TORMENTA,236,FRESHTERRY JEANS / TORMENTA - Gris - 34,Gris,34,0,1:ALM CENTRAL ESCALERA=0
63,FRESHTERRY JEANS / TORMENTA,237,FRESHTERRY JEANS / TORMENTA - Hielo - 26,Hielo,26,0,1:ALM CENTRAL ESCALERA=0
63,FRESHTERRY JEANS / TORMENTA,238,FRESHTERRY JEANS / TORMENTA - Hielo - 30,Hielo,30,0,1:ALM CENTRAL ESCALERA=0
63,FRESHTERRY JEANS / TORMENTA,239,FRESHTERRY JEANS / TORMENTA - Hielo - 34,Hielo,34,0,1:ALM CENTRAL ESCALERA=0
89,JEANPEAR JEANS / TORMENTA,67,JEANPEAR JEANS / TORMENTA - Azul Clasico - 26,Azul Clasico,26,0,1:ALM CENTRAL ESCALERA=0
89,JEANPEAR JEANS / TORMENTA,68,JEANPEAR JEANS / TORMENTA - Azul Clasico - 28,Azul Clasico,28,0,1:ALM CENTRAL ESCALERA=0
89,JEANPEAR JEANS / TORMENTA,69,JEANPEAR JEANS / TORMENTA - Azul Noche - 26,Azul Noche,26,0,1:ALM CENTRAL ESCALERA=0
89,JEANPEAR JEANS / TORMENTA,70,JEANPEAR JEANS / TORMENTA - Azul Noche - 28,Azul Noche,28,0,1:ALM CENTRAL ESCALERA=0
89,JEANPEAR JEANS / TORMENTA,71,JEANPEAR JEANS / TORMENTA - Azul Pizarra - 26,Azul Pizarra,26,0,1:ALM CENTRAL ESCALERA=0
89,JEANPEAR JEANS / TORMENTA,72,JEANPEAR JEANS / TORMENTA - Azul Pizarra - 28,Azul Pizarra,28,0,1:ALM CENTRAL ESCALERA=0
89,JEANPEAR JEANS / TORMENTA,73,JEANPEAR JEANS / TORMENTA - Azul Vintage - 26,Azul Vintage,26,0,1:ALM CENTRAL ESCALERA=0
89,JEANPEAR JEANS / TORMENTA,74,JEANPEAR JEANS / TORMENTA - Azul Vintage - 28,Azul Vintage,28,0,1:ALM CENTRAL ESCALERA=0
49,MINIFALDA 3 LINEAS / TORMENTA,307,MINIFALDA 3 LINEAS / TORMENTA - Azul Clasico - 26,Azul Clasico,26,0,1:ALM CENTRAL ESCALERA=0
49,MINIFALDA 3 LINEAS / TORMENTA,308,MINIFALDA 3 LINEAS / TORMENTA - Azul Clasico - 28,Azul Clasico,28,0,1:ALM CENTRAL ESCALERA=0
49,MINIFALDA 3 LINEAS / TORMENTA,309,MINIFALDA 3 LINEAS / TORMENTA - Azul Noche - 26,Azul Noche,26,0,1:ALM CENTRAL ESCALERA=0
49,MINIFALDA 3 LINEAS / TORMENTA,310,MINIFALDA 3 LINEAS / TORMENTA - Azul Noche - 28,Azul Noche,28,0,1:ALM CENTRAL ESCALERA=0
49,MINIFALDA 3 LINEAS / TORMENTA,313,MINIFALDA 3 LINEAS / TORMENTA - Celeste - 26,Celeste,26,0,1:ALM CENTRAL ESCALERA=0
49,MINIFALDA 3 LINEAS / TORMENTA,314,MINIFALDA 3 LINEAS / TORMENTA - Celeste - 28,Celeste,28,0,1:ALM CENTRAL ESCALERA=0
49,MINIFALDA 3 LINEAS / TORMENTA,311,MINIFALDA 3 LINEAS / TORMENTA - Gris Plomo - 26,Gris Plomo,26,0,1:ALM CENTRAL ESCALERA=0
49,MINIFALDA 3 LINEAS / TORMENTA,312,MINIFALDA 3 LINEAS / TORMENTA - Gris Plomo - 28,Gris Plomo,28,0,1:ALM CENTRAL ESCALERA=0
49,MINIFALDA 3 LINEAS / TORMENTA,315,MINIFALDA 3 LINEAS / TORMENTA - Hielo - 26,Hielo,26,0,1:ALM CENTRAL ESCALERA=0
49,MINIFALDA 3 LINEAS / TORMENTA,316,MINIFALDA 3 LINEAS / TORMENTA - Hielo - 28,Hielo,28,0,1:ALM CENTRAL ESCALERA=0
61,MINIFALDA JEANS / TORMENTA,240,MINIFALDA JEANS / TORMENTA - Azul Clasico - 28,Azul Clasico,28,0,1:ALM CENTRAL ESCALERA=0
61,MINIFALDA JEANS / TORMENTA,241,MINIFALDA JEANS / TORMENTA - Azul Clasico - 32,Azul Clasico,32,0,1:ALM CENTRAL ESCALERA=0
61,MINIFALDA JEANS / TORMENTA,242,MINIFALDA JEANS / TORMENTA - Azul Clasico - 34,Azul Clasico,34,0,1:ALM CENTRAL ESCALERA=0
61,MINIFALDA JEANS / TORMENTA,243,MINIFALDA JEANS / TORMENTA - Celeste - 28,Celeste,28,0,1:ALM CENTRAL ESCALERA=0
61,MINIFALDA JEANS / TORMENTA,244,MINIFALDA JEANS / TORMENTA - Celeste - 32,Celeste,32,0,1:ALM CENTRAL ESCALERA=0
61,MINIFALDA JEANS / TORMENTA,245,MINIFALDA JEANS / TORMENTA - Celeste - 34,Celeste,34,0,1:ALM CENTRAL ESCALERA=0
61,MINIFALDA JEANS / TORMENTA,246,MINIFALDA JEANS / TORMENTA - Hielo - 28,Hielo,28,0,1:ALM CENTRAL ESCALERA=0
61,MINIFALDA JEANS / TORMENTA,247,MINIFALDA JEANS / TORMENTA - Hielo - 32,Hielo,32,0,1:ALM CENTRAL ESCALERA=0
61,MINIFALDA JEANS / TORMENTA,248,MINIFALDA JEANS / TORMENTA - Hielo - 34,Hielo,34,0,1:ALM CENTRAL ESCALERA=0
79,MODELO MALAGA / TORMENTA,160,MODELO MALAGA / TORMENTA - Azul Clasico - 28,Azul Clasico,28,0,1:ALM CENTRAL ESCALERA=0
79,MODELO MALAGA / TORMENTA,161,MODELO MALAGA / TORMENTA - Azul Clasico - 30,Azul Clasico,30,0,1:ALM CENTRAL ESCALERA=0
79,MODELO MALAGA / TORMENTA,162,MODELO MALAGA / TORMENTA - Beige - 28,Beige,28,0,1:ALM CENTRAL ESCALERA=0
79,MODELO MALAGA / TORMENTA,163,MODELO MALAGA / TORMENTA - Beige - 30,Beige,30,0,1:ALM CENTRAL ESCALERA=0
79,MODELO MALAGA / TORMENTA,164,MODELO MALAGA / TORMENTA - Gris - 28,Gris,28,0,1:ALM CENTRAL ESCALERA=0
79,MODELO MALAGA / TORMENTA,165,MODELO MALAGA / TORMENTA - Gris - 30,Gris,30,0,1:ALM CENTRAL ESCALERA=0
90,MODELO RIZOS / TORMENTA,63,MODELO RIZOS / TORMENTA - Azul - 26,Azul,26,0,1:ALM CENTRAL ESCALERA=0
90,MODELO RIZOS / TORMENTA,61,MODELO RIZOS / TORMENTA - Azul - 28,Azul,28,0,1:ALM CENTRAL ESCALERA=0
90,MODELO RIZOS / TORMENTA,62,MODELO RIZOS / TORMENTA - Azul - 30,Azul,30,0,1:ALM CENTRAL ESCALERA=0
90,MODELO RIZOS / TORMENTA,60,MODELO RIZOS / TORMENTA - Azul Noche - 26,Azul Noche,26,0,1:ALM CENTRAL ESCALERA=0
90,MODELO RIZOS / TORMENTA,58,MODELO RIZOS / TORMENTA - Azul Noche - 28,Azul Noche,28,0,1:ALM CENTRAL ESCALERA=0
90,MODELO RIZOS / TORMENTA,59,MODELO RIZOS / TORMENTA - Azul Noche - 30,Azul Noche,30,0,1:ALM CENTRAL ESCALERA=0
90,MODELO RIZOS / TORMENTA,66,MODELO RIZOS / TORMENTA - Gris Plomo - 26,Gris Plomo,26,0,1:ALM CENTRAL ESCALERA=0
90,MODELO RIZOS / TORMENTA,64,MODELO RIZOS / TORMENTA - Gris Plomo - 28,Gris Plomo,28,0,1:ALM CENTRAL ESCALERA=0
90,MODELO RIZOS / TORMENTA,65,MODELO RIZOS / TORMENTA - Gris Plomo - 30,Gris Plomo,30,0,1:ALM CENTRAL ESCALERA=0
86,MODELO SARA / TORMENTA,92,MODELO SARA / TORMENTA - Azul Clasico - 30,Azul Clasico,30,0,1:ALM CENTRAL ESCALERA=0
86,MODELO SARA / TORMENTA,93,MODELO SARA / TORMENTA - Azul Clasico - 32,Azul Clasico,32,0,1:ALM CENTRAL ESCALERA=0
86,MODELO SARA / TORMENTA,94,MODELO SARA / TORMENTA - Azul Clasico - 34,Azul Clasico,34,0,1:ALM CENTRAL ESCALERA=0
86,MODELO SARA / TORMENTA,95,MODELO SARA / TORMENTA - Azul Noche - 30,Azul Noche,30,0,1:ALM CENTRAL ESCALERA=0
86,MODELO SARA / TORMENTA,96,MODELO SARA / TORMENTA - Azul Noche - 32,Azul Noche,32,0,1:ALM CENTRAL ESCALERA=0
86,MODELO SARA / TORMENTA,97,MODELO SARA / TORMENTA - Azul Noche - 34,Azul Noche,34,0,1:ALM CENTRAL ESCALERA=0
86,MODELO SARA / TORMENTA,98,MODELO SARA / TORMENTA - Gris Plomo - 30,Gris Plomo,30,0,1:ALM CENTRAL ESCALERA=0
86,MODELO SARA / TORMENTA,99,MODELO SARA / TORMENTA - Gris Plomo - 32,Gris Plomo,32,0,1:ALM CENTRAL ESCALERA=0
86,MODELO SARA / TORMENTA,100,MODELO SARA / TORMENTA - Gris Plomo - 34,Gris Plomo,34,0,1:ALM CENTRAL ESCALERA=0
86,MODELO SARA / TORMENTA,101,MODELO SARA / TORMENTA - Hielo - 30,Hielo,30,0,1:ALM CENTRAL ESCALERA=0
86,MODELO SARA / TORMENTA,102,MODELO SARA / TORMENTA - Hielo - 32,Hielo,32,0,1:ALM CENTRAL ESCALERA=0
86,MODELO SARA / TORMENTA,103,MODELO SARA / TORMENTA - Hielo - 34,Hielo,34,0,1:ALM CENTRAL ESCALERA=0
82,MOM JEANS STRESH / TORMENTA,141,MOM JEANS STRESH / TORMENTA - Azul Clasico - 26,Azul Clasico,26,0,1:ALM CENTRAL ESCALERA=0
82,MOM JEANS STRESH / TORMENTA,140,MOM JEANS STRESH / TORMENTA - Azul Clasico - 28,Azul Clasico,28,0,1:ALM CENTRAL ESCALERA=0
82,MOM JEANS STRESH / TORMENTA,139,MOM JEANS STRESH / TORMENTA - Azul Clasico - 30,Azul Clasico,30,0,1:ALM CENTRAL ESCALERA=0
82,MOM JEANS STRESH / TORMENTA,144,MOM JEANS STRESH / TORMENTA - Azul Noche - 26,Azul Noche,26,0,1:ALM CENTRAL ESCALERA=0
82,MOM JEANS STRESH / TORMENTA,143,MOM JEANS STRESH / TORMENTA - Azul Noche - 28,Azul Noche,28,0,1:ALM CENTRAL ESCALERA=0
82,MOM JEANS STRESH / TORMENTA,142,MOM JEANS STRESH / TORMENTA - Azul Noche - 30,Azul Noche,30,0,1:ALM CENTRAL ESCALERA=0
82,MOM JEANS STRESH / TORMENTA,147,MOM JEANS STRESH / TORMENTA - Azul Pizarra - 26,Azul Pizarra,26,0,1:ALM CENTRAL ESCALERA=0
82,MOM JEANS STRESH / TORMENTA,146,MOM JEANS STRESH / TORMENTA - Azul Pizarra - 28,Azul Pizarra,28,0,1:ALM CENTRAL ESCALERA=0
82,MOM JEANS STRESH / TORMENTA,145,MOM JEANS STRESH / TORMENTA - Azul Pizarra - 30,Azul Pizarra,30,0,1:ALM CENTRAL ESCALERA=0
50,MOM PINZAS EN LA RODILLA / TORMENTA,290,MOM PINZAS EN LA RODILLA / TORMENTA - Azul Clasico - 26,Azul Clasico,26,0,1:ALM CENTRAL ESCALERA=0
50,MOM PINZAS EN LA RODILLA / TORMENTA,287,MOM PINZAS EN LA RODILLA / TORMENTA - Azul Clasico - 28,Azul Clasico,28,0,1:ALM CENTRAL ESCALERA=0
50,MOM PINZAS EN LA RODILLA / TORMENTA,288,MOM PINZAS EN LA RODILLA / TORMENTA - Azul Clasico - 30,Azul Clasico,30,0,1:ALM CENTRAL ESCALERA=0
50,MOM PINZAS EN LA RODILLA / TORMENTA,289,MOM PINZAS EN LA RODILLA / TORMENTA - Azul Clasico - 32,Azul Clasico,32,0,1:ALM CENTRAL ESCALERA=0
50,MOM PINZAS EN LA RODILLA / TORMENTA,294,MOM PINZAS EN LA RODILLA / TORMENTA - Azul Pizarra - 26,Azul Pizarra,26,0,1:ALM CENTRAL ESCALERA=0
50,MOM PINZAS EN LA RODILLA / TORMENTA,291,MOM PINZAS EN LA RODILLA / TORMENTA - Azul Pizarra - 28,Azul Pizarra,28,0,1:ALM CENTRAL ESCALERA=0
50,MOM PINZAS EN LA RODILLA / TORMENTA,292,MOM PINZAS EN LA RODILLA / TORMENTA - Azul Pizarra - 30,Azul Pizarra,30,0,1:ALM CENTRAL ESCALERA=0
50,MOM PINZAS EN LA RODILLA / TORMENTA,293,MOM PINZAS EN LA RODILLA / TORMENTA - Azul Pizarra - 32,Azul Pizarra,32,0,1:ALM CENTRAL ESCALERA=0
50,MOM PINZAS EN LA RODILLA / TORMENTA,298,MOM PINZAS EN LA RODILLA / TORMENTA - Celeste - 26,Celeste,26,0,1:ALM CENTRAL ESCALERA=0
50,MOM PINZAS EN LA RODILLA / TORMENTA,295,MOM PINZAS EN LA RODILLA / TORMENTA - Celeste - 28,Celeste,28,0,1:ALM CENTRAL ESCALERA=0
50,MOM PINZAS EN LA RODILLA / TORMENTA,296,MOM PINZAS EN LA RODILLA / TORMENTA - Celeste - 30,Celeste,30,0,1:ALM CENTRAL ESCALERA=0
50,MOM PINZAS EN LA RODILLA / TORMENTA,297,MOM PINZAS EN LA RODILLA / TORMENTA - Celeste - 32,Celeste,32,0,1:ALM CENTRAL ESCALERA=0
50,MOM PINZAS EN LA RODILLA / TORMENTA,302,MOM PINZAS EN LA RODILLA / TORMENTA - Gris - 26,Gris,26,0,1:ALM CENTRAL ESCALERA=0
50,MOM PINZAS EN LA RODILLA / TORMENTA,299,MOM PINZAS EN LA RODILLA / TORMENTA - Gris - 28,Gris,28,0,1:ALM CENTRAL ESCALERA=0
50,MOM PINZAS EN LA RODILLA / TORMENTA,300,MOM PINZAS EN LA RODILLA / TORMENTA - Gris - 30,Gris,30,0,1:ALM CENTRAL ESCALERA=0
50,MOM PINZAS EN LA RODILLA / TORMENTA,301,MOM PINZAS EN LA RODILLA / TORMENTA - Gris - 32,Gris,32,0,1:ALM CENTRAL ESCALERA=0
50,MOM PINZAS EN LA RODILLA / TORMENTA,306,MOM PINZAS EN LA RODILLA / TORMENTA - Hielo - 26,Hielo,26,0,1:ALM CENTRAL ESCALERA=0
50,MOM PINZAS EN LA RODILLA / TORMENTA,303,MOM PINZAS EN LA RODILLA / TORMENTA - Hielo - 28,Hielo,28,0,1:ALM CENTRAL ESCALERA=0
50,MOM PINZAS EN LA RODILLA / TORMENTA,304,MOM PINZAS EN LA RODILLA / TORMENTA - Hielo - 30,Hielo,30,0,1:ALM CENTRAL ESCALERA=0
50,MOM PINZAS EN LA RODILLA / TORMENTA,305,MOM PINZAS EN LA RODILLA / TORMENTA - Hielo - 32,Hielo,32,0,1:ALM CENTRAL ESCALERA=0
85,MULTICARGO COLOR / TORMENTA,116,MULTICARGO COLOR / TORMENTA - Melocoton Oscuro - 28,Melocoton Oscuro,28,0,1:ALM CENTRAL ESCALERA=0
85,MULTICARGO COLOR / TORMENTA,117,MULTICARGO COLOR / TORMENTA - Melocoton Oscuro - 32,Melocoton Oscuro,32,0,1:ALM CENTRAL ESCALERA=0
85,MULTICARGO COLOR / TORMENTA,118,MULTICARGO COLOR / TORMENTA - Melocoton Oscuro - 34,Melocoton Oscuro,34,0,1:ALM CENTRAL ESCALERA=0
85,MULTICARGO COLOR / TORMENTA,113,MULTICARGO COLOR / TORMENTA - Rosa Pastel - 28,Rosa Pastel,28,0,1:ALM CENTRAL ESCALERA=0
85,MULTICARGO COLOR / TORMENTA,114,MULTICARGO COLOR / TORMENTA - Rosa Pastel - 32,Rosa Pastel,32,0,1:ALM CENTRAL ESCALERA=0
85,MULTICARGO COLOR / TORMENTA,115,MULTICARGO COLOR / TORMENTA - Rosa Pastel - 34,Rosa Pastel,34,0,1:ALM CENTRAL ESCALERA=0
85,MULTICARGO COLOR / TORMENTA,110,MULTICARGO COLOR / TORMENTA - Terracota - 28,Terracota,28,0,1:ALM CENTRAL ESCALERA=0
85,MULTICARGO COLOR / TORMENTA,111,MULTICARGO COLOR / TORMENTA - Terracota - 32,Terracota,32,0,1:ALM CENTRAL ESCALERA=0
85,MULTICARGO COLOR / TORMENTA,112,MULTICARGO COLOR / TORMENTA - Terracota - 34,Terracota,34,0,1:ALM CENTRAL ESCALERA=0
85,MULTICARGO COLOR / TORMENTA,107,MULTICARGO COLOR / TORMENTA - Verde Olivo - 28,Verde Olivo,28,0,1:ALM CENTRAL ESCALERA=0
85,MULTICARGO COLOR / TORMENTA,108,MULTICARGO COLOR / TORMENTA - Verde Olivo - 32,Verde Olivo,32,0,1:ALM CENTRAL ESCALERA=0
85,MULTICARGO COLOR / TORMENTA,109,MULTICARGO COLOR / TORMENTA - Verde Olivo - 34,Verde Olivo,34,0,1:ALM CENTRAL ESCALERA=0
85,MULTICARGO COLOR / TORMENTA,104,MULTICARGO COLOR / TORMENTA - Vino - 28,Vino,28,0,1:ALM CENTRAL ESCALERA=0
85,MULTICARGO COLOR / TORMENTA,105,MULTICARGO COLOR / TORMENTA - Vino - 32,Vino,32,0,1:ALM CENTRAL ESCALERA=0
85,MULTICARGO COLOR / TORMENTA,106,MULTICARGO COLOR / TORMENTA - Vino - 34,Vino,34,0,1:ALM CENTRAL ESCALERA=0
83,PALAZO CLASICO JEANS / TORMENTA,137,PALAZO CLASICO JEANS / TORMENTA - Gris Plomo - 28,Gris Plomo,28,0,1:ALM CENTRAL ESCALERA=0
83,PALAZO CLASICO JEANS / TORMENTA,138,PALAZO CLASICO JEANS / TORMENTA - Gris Plomo - 30,Gris Plomo,30,0,1:ALM CENTRAL ESCALERA=0
83,PALAZO CLASICO JEANS / TORMENTA,135,PALAZO CLASICO JEANS / TORMENTA - Rosa Pastel - 28,Rosa Pastel,28,0,1:ALM CENTRAL ESCALERA=0
83,PALAZO CLASICO JEANS / TORMENTA,136,PALAZO CLASICO JEANS / TORMENTA - Rosa Pastel - 30,Rosa Pastel,30,0,1:ALM CENTRAL ESCALERA=0
83,PALAZO CLASICO JEANS / TORMENTA,133,PALAZO CLASICO JEANS / TORMENTA - Terracota - 28,Terracota,28,0,1:ALM CENTRAL ESCALERA=0
83,PALAZO CLASICO JEANS / TORMENTA,134,PALAZO CLASICO JEANS / TORMENTA - Terracota - 30,Terracota,30,0,1:ALM CENTRAL ESCALERA=0
83,PALAZO CLASICO JEANS / TORMENTA,129,PALAZO CLASICO JEANS / TORMENTA - Verde Olivo - 28,Verde Olivo,28,0,1:ALM CENTRAL ESCALERA=0
83,PALAZO CLASICO JEANS / TORMENTA,130,PALAZO CLASICO JEANS / TORMENTA - Verde Olivo - 30,Verde Olivo,30,0,1:ALM CENTRAL ESCALERA=0
83,PALAZO CLASICO JEANS / TORMENTA,131,PALAZO CLASICO JEANS / TORMENTA - Vino - 28,Vino,28,0,1:ALM CENTRAL ESCALERA=0
83,PALAZO CLASICO JEANS / TORMENTA,132,PALAZO CLASICO JEANS / TORMENTA - Vino - 30,Vino,30,0,1:ALM CENTRAL ESCALERA=0
55,PALAZO COLOR RIGIDO / TORMENTA,282,PALAZO COLOR RIGIDO / TORMENTA - Rosa Pastel - 28,Rosa Pastel,28,0,1:ALM CENTRAL ESCALERA=0
55,PALAZO COLOR RIGIDO / TORMENTA,283,PALAZO COLOR RIGIDO / TORMENTA - Rosa Pastel - 30,Rosa Pastel,30,0,1:ALM CENTRAL ESCALERA=0
55,PALAZO COLOR RIGIDO / TORMENTA,284,PALAZO COLOR RIGIDO / TORMENTA - Rosa Pastel - 32,Rosa Pastel,32,0,1:ALM CENTRAL ESCALERA=0
55,PALAZO COLOR RIGIDO / TORMENTA,279,PALAZO COLOR RIGIDO / TORMENTA - Terracota - 28,Terracota,28,0,1:ALM CENTRAL ESCALERA=0
55,PALAZO COLOR RIGIDO / TORMENTA,280,PALAZO COLOR RIGIDO / TORMENTA - Terracota - 30,Terracota,30,0,1:ALM CENTRAL ESCALERA=0
55,PALAZO COLOR RIGIDO / TORMENTA,281,PALAZO COLOR RIGIDO / TORMENTA - Terracota - 32,Terracota,32,0,1:ALM CENTRAL ESCALERA=0
55,PALAZO COLOR RIGIDO / TORMENTA,273,PALAZO COLOR RIGIDO / TORMENTA - Verde Olivo - 28,Verde Olivo,28,0,1:ALM CENTRAL ESCALERA=0
55,PALAZO COLOR RIGIDO / TORMENTA,274,PALAZO COLOR RIGIDO / TORMENTA - Verde Olivo - 30,Verde Olivo,30,0,1:ALM CENTRAL ESCALERA=0
55,PALAZO COLOR RIGIDO / TORMENTA,275,PALAZO COLOR RIGIDO / TORMENTA - Verde Olivo - 32,Verde Olivo,32,0,1:ALM CENTRAL ESCALERA=0
55,PALAZO COLOR RIGIDO / TORMENTA,276,PALAZO COLOR RIGIDO / TORMENTA - Vino - 28,Vino,28,0,1:ALM CENTRAL ESCALERA=0
55,PALAZO COLOR RIGIDO / TORMENTA,277,PALAZO COLOR RIGIDO / TORMENTA - Vino - 30,Vino,30,0,1:ALM CENTRAL ESCALERA=0
55,PALAZO COLOR RIGIDO / TORMENTA,278,PALAZO COLOR RIGIDO / TORMENTA - Vino - 32,Vino,32,0,1:ALM CENTRAL ESCALERA=0
84,PALAZO DE COLOR STRESH / TORMENTA,127,PALAZO DE COLOR STRESH / TORMENTA - Blanco Roto - 28,Blanco Roto,28,0,1:ALM CENTRAL ESCALERA=0
84,PALAZO DE COLOR STRESH / TORMENTA,128,PALAZO DE COLOR STRESH / TORMENTA - Blanco Roto - 32,Blanco Roto,32,0,1:ALM CENTRAL ESCALERA=0
84,PALAZO DE COLOR STRESH / TORMENTA,125,PALAZO DE COLOR STRESH / TORMENTA - Gris Plomo - 28,Gris Plomo,28,0,1:ALM CENTRAL ESCALERA=0
84,PALAZO DE COLOR STRESH / TORMENTA,126,PALAZO DE COLOR STRESH / TORMENTA - Gris Plomo - 32,Gris Plomo,32,0,1:ALM CENTRAL ESCALERA=0
84,PALAZO DE COLOR STRESH / TORMENTA,123,PALAZO DE COLOR STRESH / TORMENTA - Marron Chocolate - 28,Marron Chocolate,28,0,1:ALM CENTRAL ESCALERA=0
84,PALAZO DE COLOR STRESH / TORMENTA,124,PALAZO DE COLOR STRESH / TORMENTA - Marron Chocolate - 32,Marron Chocolate,32,0,1:ALM CENTRAL ESCALERA=0
84,PALAZO DE COLOR STRESH / TORMENTA,119,PALAZO DE COLOR STRESH / TORMENTA - Rosa Pastel - 28,Rosa Pastel,28,0,1:ALM CENTRAL ESCALERA=0
84,PALAZO DE COLOR STRESH / TORMENTA,120,PALAZO DE COLOR STRESH / TORMENTA - Rosa Pastel - 32,Rosa Pastel,32,0,1:ALM CENTRAL ESCALERA=0
84,PALAZO DE COLOR STRESH / TORMENTA,121,PALAZO DE COLOR STRESH / TORMENTA - Terracota - 28,Terracota,28,0,1:ALM CENTRAL ESCALERA=0
84,PALAZO DE COLOR STRESH / TORMENTA,122,PALAZO DE COLOR STRESH / TORMENTA - Terracota - 32,Terracota,32,0,1:ALM CENTRAL ESCALERA=0
37,PALAZO JEANS / WOMAN,359,PALAZO JEANS / WOMAN - Azul Clasico - 28,Azul Clasico,28,0,1:ALM CENTRAL ESCALERA=0
37,PALAZO JEANS / WOMAN,360,PALAZO JEANS / WOMAN - Azul Clasico - 30,Azul Clasico,30,0,1:ALM CENTRAL ESCALERA=0
37,PALAZO JEANS / WOMAN,361,PALAZO JEANS / WOMAN - Azul Clasico - 32,Azul Clasico,32,0,1:ALM CENTRAL ESCALERA=0
37,PALAZO JEANS / WOMAN,362,PALAZO JEANS / WOMAN - Azul Noche - 28,Azul Noche,28,0,1:ALM CENTRAL ESCALERA=0
37,PALAZO JEANS / WOMAN,363,PALAZO JEANS / WOMAN - Azul Noche - 30,Azul Noche,30,0,1:ALM CENTRAL ESCALERA=0
37,PALAZO JEANS / WOMAN,364,PALAZO JEANS / WOMAN - Azul Noche - 32,Azul Noche,32,0,1:ALM CENTRAL ESCALERA=0
37,PALAZO JEANS / WOMAN,368,PALAZO JEANS / WOMAN - Celeste - 28,Celeste,28,0,1:ALM CENTRAL ESCALERA=0
37,PALAZO JEANS / WOMAN,369,PALAZO JEANS / WOMAN - Celeste - 30,Celeste,30,0,1:ALM CENTRAL ESCALERA=0
37,PALAZO JEANS / WOMAN,370,PALAZO JEANS / WOMAN - Celeste - 32,Celeste,32,0,1:ALM CENTRAL ESCALERA=0
37,PALAZO JEANS / WOMAN,365,PALAZO JEANS / WOMAN - Gris - 28,Gris,28,0,1:ALM CENTRAL ESCALERA=0
37,PALAZO JEANS / WOMAN,366,PALAZO JEANS / WOMAN - Gris - 30,Gris,30,0,1:ALM CENTRAL ESCALERA=0
37,PALAZO JEANS / WOMAN,367,PALAZO JEANS / WOMAN - Gris - 32,Gris,32,0,1:ALM CENTRAL ESCALERA=0
37,PALAZO JEANS / WOMAN,371,PALAZO JEANS / WOMAN - Hielo - 28,Hielo,28,0,1:ALM CENTRAL ESCALERA=0
37,PALAZO JEANS / WOMAN,372,PALAZO JEANS / WOMAN - Hielo - 30,Hielo,30,0,1:ALM CENTRAL ESCALERA=0
37,PALAZO JEANS / WOMAN,373,PALAZO JEANS / WOMAN - Hielo - 32,Hielo,32,0,1:ALM CENTRAL ESCALERA=0
69,PANTALON ALASKA / TORMENTA,198,PANTALON ALASKA / TORMENTA - Azul Clasico - 30,Azul Clasico,30,0,1:ALM CENTRAL ESCALERA=0
69,PANTALON ALASKA / TORMENTA,199,PANTALON ALASKA / TORMENTA - Azul Clasico - 32,Azul Clasico,32,0,1:ALM CENTRAL ESCALERA=0
69,PANTALON ALASKA / TORMENTA,200,PANTALON ALASKA / TORMENTA - Azul Clasico - 34,Azul Clasico,34,0,1:ALM CENTRAL ESCALERA=0
69,PANTALON ALASKA / TORMENTA,201,PANTALON ALASKA / TORMENTA - Azul Noche - 30,Azul Noche,30,0,1:ALM CENTRAL ESCALERA=0
69,PANTALON ALASKA / TORMENTA,202,PANTALON ALASKA / TORMENTA - Azul Noche - 32,Azul Noche,32,0,1:ALM CENTRAL ESCALERA=0
69,PANTALON ALASKA / TORMENTA,203,PANTALON ALASKA / TORMENTA - Azul Noche - 34,Azul Noche,34,0,1:ALM CENTRAL ESCALERA=0
69,PANTALON ALASKA / TORMENTA,204,PANTALON ALASKA / TORMENTA - Azul Pizarra - 30,Azul Pizarra,30,0,1:ALM CENTRAL ESCALERA=0
69,PANTALON ALASKA / TORMENTA,205,PANTALON ALASKA / TORMENTA - Azul Pizarra - 32,Azul Pizarra,32,0,1:ALM CENTRAL ESCALERA=0
69,PANTALON ALASKA / TORMENTA,206,PANTALON ALASKA / TORMENTA - Azul Pizarra - 34,Azul Pizarra,34,0,1:ALM CENTRAL ESCALERA=0
69,PANTALON ALASKA / TORMENTA,207,PANTALON ALASKA / TORMENTA - Blanco Roto - 30,Blanco Roto,30,0,1:ALM CENTRAL ESCALERA=0
69,PANTALON ALASKA / TORMENTA,208,PANTALON ALASKA / TORMENTA - Blanco Roto - 32,Blanco Roto,32,0,1:ALM CENTRAL ESCALERA=0
69,PANTALON ALASKA / TORMENTA,209,PANTALON ALASKA / TORMENTA - Blanco Roto - 34,Blanco Roto,34,0,1:ALM CENTRAL ESCALERA=0
87,POLOS,87,POLOS - Azul - UNI,Azul,UNI,0,1:ALM CENTRAL ESCALERA=0
87,POLOS,89,POLOS - Blanco Roto - UNI,Blanco Roto,UNI,0,1:ALM CENTRAL ESCALERA=0
87,POLOS,88,POLOS - Celeste - UNI,Celeste,UNI,0,1:ALM CENTRAL ESCALERA=0
87,POLOS,90,POLOS - Marron Chocolate - UNI,Marron Chocolate,UNI,0,1:ALM CENTRAL ESCALERA=0
87,POLOS,91,POLOS - Verde Olivo - UNI,Verde Olivo,UNI,0,1:ALM CENTRAL ESCALERA=0
59,SHORT COLOR RIGIDO / TORMENTA,251,SHORT COLOR RIGIDO / TORMENTA - Azul Clasico - 26,Azul Clasico,26,0,1:ALM CENTRAL ESCALERA=0
59,SHORT COLOR RIGIDO / TORMENTA,249,SHORT COLOR RIGIDO / TORMENTA - Azul Clasico - 28,Azul Clasico,28,0,1:ALM CENTRAL ESCALERA=0
59,SHORT COLOR RIGIDO / TORMENTA,250,SHORT COLOR RIGIDO / TORMENTA - Azul Clasico - 30,Azul Clasico,30,0,1:ALM CENTRAL ESCALERA=0
59,SHORT COLOR RIGIDO / TORMENTA,254,SHORT COLOR RIGIDO / TORMENTA - Azul Pizarra - 26,Azul Pizarra,26,0,1:ALM CENTRAL ESCALERA=0
59,SHORT COLOR RIGIDO / TORMENTA,252,SHORT COLOR RIGIDO / TORMENTA - Azul Pizarra - 28,Azul Pizarra,28,0,1:ALM CENTRAL ESCALERA=0
59,SHORT COLOR RIGIDO / TORMENTA,253,SHORT COLOR RIGIDO / TORMENTA - Azul Pizarra - 30,Azul Pizarra,30,0,1:ALM CENTRAL ESCALERA=0
59,SHORT COLOR RIGIDO / TORMENTA,257,SHORT COLOR RIGIDO / TORMENTA - Gris Plomo - 26,Gris Plomo,26,0,1:ALM CENTRAL ESCALERA=0
59,SHORT COLOR RIGIDO / TORMENTA,255,SHORT COLOR RIGIDO / TORMENTA - Gris Plomo - 28,Gris Plomo,28,0,1:ALM CENTRAL ESCALERA=0
59,SHORT COLOR RIGIDO / TORMENTA,256,SHORT COLOR RIGIDO / TORMENTA - Gris Plomo - 30,Gris Plomo,30,0,1:ALM CENTRAL ESCALERA=0
59,SHORT COLOR RIGIDO / TORMENTA,260,SHORT COLOR RIGIDO / TORMENTA - Hielo - 26,Hielo,26,0,1:ALM CENTRAL ESCALERA=0
59,SHORT COLOR RIGIDO / TORMENTA,258,SHORT COLOR RIGIDO / TORMENTA - Hielo - 28,Hielo,28,0,1:ALM CENTRAL ESCALERA=0
59,SHORT COLOR RIGIDO / TORMENTA,259,SHORT COLOR RIGIDO / TORMENTA - Hielo - 30,Hielo,30,0,1:ALM CENTRAL ESCALERA=0
109,SHORT FRESHTERRY SEFERINA / TORMENTA,43,SHORT FRESHTERRY SEFERINA / TORMENTA - Azul Noche - 26,Azul Noche,26,0,1:ALM CENTRAL ESCALERA=0
109,SHORT FRESHTERRY SEFERINA / TORMENTA,44,SHORT FRESHTERRY SEFERINA / TORMENTA - Azul Noche - 30,Azul Noche,30,0,1:ALM CENTRAL ESCALERA=0
109,SHORT FRESHTERRY SEFERINA / TORMENTA,45,SHORT FRESHTERRY SEFERINA / TORMENTA - Azul Noche - 32,Azul Noche,32,0,1:ALM CENTRAL ESCALERA=0
109,SHORT FRESHTERRY SEFERINA / TORMENTA,46,SHORT FRESHTERRY SEFERINA / TORMENTA - Azul Pizarra - 26,Azul Pizarra,26,0,1:ALM CENTRAL ESCALERA=0
109,SHORT FRESHTERRY SEFERINA / TORMENTA,47,SHORT FRESHTERRY SEFERINA / TORMENTA - Azul Pizarra - 30,Azul Pizarra,30,0,1:ALM CENTRAL ESCALERA=0
109,SHORT FRESHTERRY SEFERINA / TORMENTA,48,SHORT FRESHTERRY SEFERINA / TORMENTA - Azul Pizarra - 32,Azul Pizarra,32,0,1:ALM CENTRAL ESCALERA=0
109,SHORT FRESHTERRY SEFERINA / TORMENTA,49,SHORT FRESHTERRY SEFERINA / TORMENTA - Beige - 26,Beige,26,0,1:ALM CENTRAL ESCALERA=0
109,SHORT FRESHTERRY SEFERINA / TORMENTA,50,SHORT FRESHTERRY SEFERINA / TORMENTA - Beige - 30,Beige,30,0,1:ALM CENTRAL ESCALERA=0
109,SHORT FRESHTERRY SEFERINA / TORMENTA,51,SHORT FRESHTERRY SEFERINA / TORMENTA - Beige - 32,Beige,32,0,1:ALM CENTRAL ESCALERA=0
113,SHORT RIGIDO RASGADO C/S BASTA / TORMENTA,22,SHORT RIGIDO RASGADO C/S BASTA / TORMENTA - Azul Clasico - 28,Azul Clasico,28,0,1:ALM CENTRAL ESCALERA=0
113,SHORT RIGIDO RASGADO C/S BASTA / TORMENTA,23,SHORT RIGIDO RASGADO C/S BASTA / TORMENTA - Azul Clasico - 30,Azul Clasico,30,0,1:ALM CENTRAL ESCALERA=0
113,SHORT RIGIDO RASGADO C/S BASTA / TORMENTA,24,SHORT RIGIDO RASGADO C/S BASTA / TORMENTA - Azul Clasico - 32,Azul Clasico,32,0,1:ALM CENTRAL ESCALERA=0
113,SHORT RIGIDO RASGADO C/S BASTA / TORMENTA,31,SHORT RIGIDO RASGADO C/S BASTA / TORMENTA - Celeste - 28,Celeste,28,0,1:ALM CENTRAL ESCALERA=0
113,SHORT RIGIDO RASGADO C/S BASTA / TORMENTA,32,SHORT RIGIDO RASGADO C/S BASTA / TORMENTA - Celeste - 30,Celeste,30,0,1:ALM CENTRAL ESCALERA=0
113,SHORT RIGIDO RASGADO C/S BASTA / TORMENTA,33,SHORT RIGIDO RASGADO C/S BASTA / TORMENTA - Celeste - 32,Celeste,32,0,1:ALM CENTRAL ESCALERA=0
113,SHORT RIGIDO RASGADO C/S BASTA / TORMENTA,28,SHORT RIGIDO RASGADO C/S BASTA / TORMENTA - Gris - 28,Gris,28,0,1:ALM CENTRAL ESCALERA=0
113,SHORT RIGIDO RASGADO C/S BASTA / TORMENTA,29,SHORT RIGIDO RASGADO C/S BASTA / TORMENTA - Gris - 30,Gris,30,0,1:ALM CENTRAL ESCALERA=0
113,SHORT RIGIDO RASGADO C/S BASTA / TORMENTA,30,SHORT RIGIDO RASGADO C/S BASTA / TORMENTA - Gris - 32,Gris,32,0,1:ALM CENTRAL ESCALERA=0
113,SHORT RIGIDO RASGADO C/S BASTA / TORMENTA,25,SHORT RIGIDO RASGADO C/S BASTA / TORMENTA - Hielo - 28,Hielo,28,0,1:ALM CENTRAL ESCALERA=0
113,SHORT RIGIDO RASGADO C/S BASTA / TORMENTA,26,SHORT RIGIDO RASGADO C/S BASTA / TORMENTA - Hielo - 30,Hielo,30,0,1:ALM CENTRAL ESCALERA=0
113,SHORT RIGIDO RASGADO C/S BASTA / TORMENTA,27,SHORT RIGIDO RASGADO C/S BASTA / TORMENTA - Hielo - 32,Hielo,32,0,1:ALM CENTRAL ESCALERA=0
57,TORERO FRESHTERRY / TORMENTA,261,TORERO FRESHTERRY / TORMENTA - Azul Clasico - 28,Azul Clasico,28,0,1:ALM CENTRAL ESCALERA=0
57,TORERO FRESHTERRY / TORMENTA,262,TORERO FRESHTERRY / TORMENTA - Azul Clasico - 30,Azul Clasico,30,0,1:ALM CENTRAL ESCALERA=0
57,TORERO FRESHTERRY / TORMENTA,263,TORERO FRESHTERRY / TORMENTA - Azul Clasico - 32,Azul Clasico,32,0,1:ALM CENTRAL ESCALERA=0
57,TORERO FRESHTERRY / TORMENTA,264,TORERO FRESHTERRY / TORMENTA - Azul Noche - 28,Azul Noche,28,0,1:ALM CENTRAL ESCALERA=0
57,TORERO FRESHTERRY / TORMENTA,265,TORERO FRESHTERRY / TORMENTA - Azul Noche - 30,Azul Noche,30,0,1:ALM CENTRAL ESCALERA=0
57,TORERO FRESHTERRY / TORMENTA,266,TORERO FRESHTERRY / TORMENTA - Azul Noche - 32,Azul Noche,32,0,1:ALM CENTRAL ESCALERA=0
57,TORERO FRESHTERRY / TORMENTA,267,TORERO FRESHTERRY / TORMENTA - Azul Pizarra - 28,Azul Pizarra,28,0,1:ALM CENTRAL ESCALERA=0
57,TORERO FRESHTERRY / TORMENTA,268,TORERO FRESHTERRY / TORMENTA - Azul Pizarra - 30,Azul Pizarra,30,0,1:ALM CENTRAL ESCALERA=0
57,TORERO FRESHTERRY / TORMENTA,269,TORERO FRESHTERRY / TORMENTA - Azul Pizarra - 32,Azul Pizarra,32,0,1:ALM CENTRAL ESCALERA=0
57,TORERO FRESHTERRY / TORMENTA,270,TORERO FRESHTERRY / TORMENTA - Azul Vintage - 28,Azul Vintage,28,0,1:ALM CENTRAL ESCALERA=0
57,TORERO FRESHTERRY / TORMENTA,271,TORERO FRESHTERRY / TORMENTA - Azul Vintage - 30,Azul Vintage,30,0,1:ALM CENTRAL ESCALERA=0
57,TORERO FRESHTERRY / TORMENTA,272,TORERO FRESHTERRY / TORMENTA - Azul Vintage - 32,Azul Vintage,32,0,1:ALM CENTRAL ESCALERA=0
110,TORERO FRESHTERRY SEFERINA / TORMENTA,40,TORERO FRESHTERRY SEFERINA / TORMENTA - Azul - 28,Azul,28,0,1:ALM CENTRAL ESCALERA=0
110,TORERO FRESHTERRY SEFERINA / TORMENTA,41,TORERO FRESHTERRY SEFERINA / TORMENTA - Azul - 32,Azul,32,0,1:ALM CENTRAL ESCALERA=0
110,TORERO FRESHTERRY SEFERINA / TORMENTA,42,TORERO FRESHTERRY SEFERINA / TORMENTA - Azul - 34,Azul,34,0,1:ALM CENTRAL ESCALERA=0
110,TORERO FRESHTERRY SEFERINA / TORMENTA,34,TORERO FRESHTERRY SEFERINA / TORMENTA - Gris - 28,Gris,28,0,1:ALM CENTRAL ESCALERA=0
110,TORERO FRESHTERRY SEFERINA / TORMENTA,35,TORERO FRESHTERRY SEFERINA / TORMENTA - Gris - 32,Gris,32,0,1:ALM CENTRAL ESCALERA=0
110,TORERO FRESHTERRY SEFERINA / TORMENTA,36,TORERO FRESHTERRY SEFERINA / TORMENTA - Gris - 34,Gris,34,0,1:ALM CENTRAL ESCALERA=0
110,TORERO FRESHTERRY SEFERINA / TORMENTA,37,TORERO FRESHTERRY SEFERINA / TORMENTA - Hielo - 28,Hielo,28,0,1:ALM CENTRAL ESCALERA=0
110,TORERO FRESHTERRY SEFERINA / TORMENTA,38,TORERO FRESHTERRY SEFERINA / TORMENTA - Hielo - 32,Hielo,32,0,1:ALM CENTRAL ESCALERA=0
110,TORERO FRESHTERRY SEFERINA / TORMENTA,39,TORERO FRESHTERRY SEFERINA / TORMENTA - Hielo - 34,Hielo,34,0,1:ALM CENTRAL ESCALERA=0
47,TORERO JEANS / TORMENTA,329,TORERO JEANS / TORMENTA - Azul Clasico - 26,Azul Clasico,26,0,1:ALM CENTRAL ESCALERA=0
47,TORERO JEANS / TORMENTA,330,TORERO JEANS / TORMENTA - Azul Clasico - 30,Azul Clasico,30,0,1:ALM CENTRAL ESCALERA=0
47,TORERO JEANS / TORMENTA,331,TORERO JEANS / TORMENTA - Azul Clasico - 34,Azul Clasico,34,0,1:ALM CENTRAL ESCALERA=0
47,TORERO JEANS / TORMENTA,332,TORERO JEANS / TORMENTA - Azul Pizarra - 26,Azul Pizarra,26,0,1:ALM CENTRAL ESCALERA=0
47,TORERO JEANS / TORMENTA,333,TORERO JEANS / TORMENTA - Azul Pizarra - 30,Azul Pizarra,30,0,1:ALM CENTRAL ESCALERA=0
47,TORERO JEANS / TORMENTA,334,TORERO JEANS / TORMENTA - Azul Pizarra - 34,Azul Pizarra,34,0,1:ALM CENTRAL ESCALERA=0
47,TORERO JEANS / TORMENTA,341,TORERO JEANS / TORMENTA - Celeste - 26,Celeste,26,0,1:ALM CENTRAL ESCALERA=0
47,TORERO JEANS / TORMENTA,342,TORERO JEANS / TORMENTA - Celeste - 30,Celeste,30,0,1:ALM CENTRAL ESCALERA=0
47,TORERO JEANS / TORMENTA,343,TORERO JEANS / TORMENTA - Celeste - 34,Celeste,34,0,1:ALM CENTRAL ESCALERA=0
47,TORERO JEANS / TORMENTA,335,TORERO JEANS / TORMENTA - Gris - 26,Gris,26,0,1:ALM CENTRAL ESCALERA=0
47,TORERO JEANS / TORMENTA,336,TORERO JEANS / TORMENTA - Gris - 30,Gris,30,0,1:ALM CENTRAL ESCALERA=0
47,TORERO JEANS / TORMENTA,337,TORERO JEANS / TORMENTA - Gris - 34,Gris,34,0,1:ALM CENTRAL ESCALERA=0
47,TORERO JEANS / TORMENTA,338,TORERO JEANS / TORMENTA - Gris Plomo - 26,Gris Plomo,26,0,1:ALM CENTRAL ESCALERA=0
47,TORERO JEANS / TORMENTA,339,TORERO JEANS / TORMENTA - Gris Plomo - 30,Gris Plomo,30,0,1:ALM CENTRAL ESCALERA=0
47,TORERO JEANS / TORMENTA,340,TORERO JEANS / TORMENTA - Gris Plomo - 34,Gris Plomo,34,0,1:ALM CENTRAL ESCALERA=0
47,TORERO JEANS / TORMENTA,344,TORERO JEANS / TORMENTA - Hielo - 26,Hielo,26,0,1:ALM CENTRAL ESCALERA=0
47,TORERO JEANS / TORMENTA,345,TORERO JEANS / TORMENTA - Hielo - 30,Hielo,30,0,1:ALM CENTRAL ESCALERA=0
47,TORERO JEANS / TORMENTA,346,TORERO JEANS / TORMENTA - Hielo - 34,Hielo,34,0,1:ALM CENTRAL ESCALERA=0
48,VESTIDO CHALIS,328,VESTIDO CHALIS - Azul Vintage - L,Azul Vintage,L,0,1:ALM CENTRAL ESCALERA=0
48,VESTIDO CHALIS,327,VESTIDO CHALIS - Azul Vintage - M,Azul Vintage,M,0,1:ALM CENTRAL ESCALERA=0
48,VESTIDO CHALIS,326,VESTIDO CHALIS - Azul Vintage - S,Azul Vintage,S,0,1:ALM CENTRAL ESCALERA=0
48,VESTIDO CHALIS,325,VESTIDO CHALIS - Rojo - L,Rojo,L,0,1:ALM CENTRAL ESCALERA=0
48,VESTIDO CHALIS,324,VESTIDO CHALIS - Rojo - M,Rojo,M,0,1:ALM CENTRAL ESCALERA=0
48,VESTIDO CHALIS,323,VESTIDO CHALIS - Rojo - S,Rojo,S,0,1:ALM CENTRAL ESCALERA=0
48,VESTIDO CHALIS,322,VESTIDO CHALIS - Rosa Pastel - L,Rosa Pastel,L,0,1:ALM CENTRAL ESCALERA=0
48,VESTIDO CHALIS,321,VESTIDO CHALIS - Rosa Pastel - M,Rosa Pastel,M,0,1:ALM CENTRAL ESCALERA=0
48,VESTIDO CHALIS,320,VESTIDO CHALIS - Rosa Pastel - S,Rosa Pastel,S,0,1:ALM CENTRAL ESCALERA=0
48,VESTIDO CHALIS,319,VESTIDO CHALIS - Vino - L,Vino,L,0,1:ALM CENTRAL ESCALERA=0
48,VESTIDO CHALIS,318,VESTIDO CHALIS - Vino - M,Vino,M,0,1:ALM CENTRAL ESCALERA=0
48,VESTIDO CHALIS,317,VESTIDO CHALIS - Vino - S,Vino,S,0,1:ALM CENTRAL ESCALERA=0