id_producto,descripcion,id_sku,sku_label,tonalidad,talla,id_tonalidad,id_talla,stock_actual,cantidad_aleatoria_sugerida
72,1 BOTON JEANS / TORMENTA,184,1 BOTON JEANS / TORMENTA - Azul Clasico - 30,Azul Clasico,30,4,12,0,19
72,1 BOTON JEANS / TORMENTA,185,1 BOTON JEANS / TORMENTA - Azul Clasico - 32,Azul Clasico,32,4,14,0,8
72,1 BOTON JEANS / TORMENTA,186,1 BOTON JEANS / TORMENTA - Azul Noche - 30,Azul Noche,30,,12,0,15
72,1 BOTON JEANS / TORMENTA,187,1 BOTON JEANS / TORMENTA - Azul Noche - 32,Azul Noche,32,,14,0,3
72,1 BOTON JEANS / TORMENTA,190,1 BOTON JEANS / TORMENTA - Blanco Roto - 30,Blanco Roto,30,,12,0,24
72,1 BOTON JEANS / TORMENTA,191,1 BOTON JEANS / TORMENTA - Blanco Roto - 32,Blanco Roto,32,,14,0,3
72,1 BOTON JEANS / TORMENTA,188,1 BOTON JEANS / TORMENTA - Celeste - 30,Celeste,30,,12,0,23
72,1 BOTON JEANS / TORMENTA,189,1 BOTON JEANS / TORMENTA - Celeste - 32,Celeste,32,,14,0,8
71,1 BOTON NEGRO / TORMENTA,192,1 BOTON NEGRO / TORMENTA - Negro - 30,Negro,30,1,12,0,5
71,1 BOTON NEGRO / TORMENTA,193,1 BOTON NEGRO / TORMENTA - Negro - 32,Negro,32,1,14,0,1
73,1 BOTON PLOMO / TORMENTA,196,1 BOTON PLOMO / TORMENTA - Gris - 28,Gris,28,5,10,0,8
73,1 BOTON PLOMO / TORMENTA,197,1 BOTON PLOMO / TORMENTA - Gris - 30,Gris,30,5,12,0,2
73,1 BOTON PLOMO / TORMENTA,194,1 BOTON PLOMO / TORMENTA - Gris Plomo - 28,Gris Plomo,28,,10,0,15
73,1 BOTON PLOMO / TORMENTA,195,1 BOTON PLOMO / TORMENTA - Gris Plomo - 30,Gris Plomo,30,,12,0,10
88,BLUSA / TORMENTA,77,BLUSA / TORMENTA - Azul - L,Azul,L,3,4,0,7
88,BLUSA / TORMENTA,76,BLUSA / TORMENTA - Azul - M,Azul,M,3,3,0,13
88,BLUSA / TORMENTA,75,BLUSA / TORMENTA - Azul - S,Azul,S,3,2,0,17
88,BLUSA / TORMENTA,86,BLUSA / TORMENTA - Beige - L,Beige,L,6,4,0,17
88,BLUSA / TORMENTA,85,BLUSA / TORMENTA - Beige - M,Beige,M,6,3,0,8
88,BLUSA / TORMENTA,84,BLUSA / TORMENTA - Beige - S,Beige,S,6,2,0,10
88,BLUSA / TORMENTA,83,BLUSA / TORMENTA - Blanco - L,Blanco,L,2,4,0,17
88,BLUSA / TORMENTA,82,BLUSA / TORMENTA - Blanco - M,Blanco,M,2,3,0,17
88,BLUSA / TORMENTA,81,BLUSA / TORMENTA - Blanco - S,Blanco,S,2,2,0,14
88,BLUSA / TORMENTA,80,BLUSA / TORMENTA - Celeste - L,Celeste,L,,4,0,4
88,BLUSA / TORMENTA,79,BLUSA / TORMENTA - Celeste - M,Celeste,M,,3,0,8
88,BLUSA / TORMENTA,78,BLUSA / TORMENTA - Celeste - S,Celeste,S,,2,0,1
78,CAMISA JEANS MANGA LARGA / TORMENTA,168,CAMISA JEANS MANGA LARGA / TORMENTA - Azul Clasico - L,Azul Clasico,L,4,4,0,22
78,CAMISA JEANS MANGA LARGA / TORMENTA,167,CAMISA JEANS MANGA LARGA / TORMENTA - Azul Clasico - M,Azul Clasico,M,4,3,0,3
78,CAMISA JEANS MANGA LARGA / TORMENTA,166,CAMISA JEANS MANGA LARGA / TORMENTA - Azul Clasico - S,Azul Clasico,S,4,2,0,16
78,CAMISA JEANS MANGA LARGA / TORMENTA,171,CAMISA JEANS MANGA LARGA / TORMENTA - Celeste - L,Celeste,L,,4,0,20
78,CAMISA JEANS MANGA LARGA / TORMENTA,170,CAMISA JEANS MANGA LARGA / TORMENTA - Celeste - M,Celeste,M,,3,0,25
78,CAMISA JEANS MANGA LARGA / TORMENTA,169,CAMISA JEANS MANGA LARGA / TORMENTA - Celeste - S,Celeste,S,,2,0,9
78,CAMISA JEANS MANGA LARGA / TORMENTA,174,CAMISA JEANS MANGA LARGA / TORMENTA - Hielo - L,Hielo,L,,4,0,4
78,CAMISA JEANS MANGA LARGA / TORMENTA,173,CAMISA JEANS MANGA LARGA / TORMENTA - Hielo - M,Hielo,M,,3,0,17
78,CAMISA JEANS MANGA LARGA / TORMENTA,172,CAMISA JEANS MANGA LARGA / TORMENTA - Hielo - S,Hielo,S,,2,0,12
23,CASACA RIGIDA JEANS / TORMENTA,348,CASACA RIGIDA JEANS / TORMENTA - Azul Clasico - L,Azul Clasico,L,4,4,0,22
23,CASACA RIGIDA JEANS / TORMENTA,349,CASACA RIGIDA JEANS / TORMENTA - Azul Clasico - M,Azul Clasico,M,4,3,0,10
23,CASACA RIGIDA JEANS / TORMENTA,347,CASACA RIGIDA JEANS / TORMENTA - Azul Clasico - S,Azul Clasico,S,4,2,0,19
23,CASACA RIGIDA JEANS / TORMENTA,354,CASACA RIGIDA JEANS / TORMENTA - Celeste - L,Celeste,L,,4,0,15
23,CASACA RIGIDA JEANS / TORMENTA,355,CASACA RIGIDA JEANS / TORMENTA - Celeste - M,Celeste,M,,3,0,13
23,CASACA RIGIDA JEANS / TORMENTA,353,CASACA RIGIDA JEANS / TORMENTA - Celeste - S,Celeste,S,,2,0,4
23,CASACA RIGIDA JEANS / TORMENTA,351,CASACA RIGIDA JEANS / TORMENTA - Gris - L,Gris,L,5,4,0,19
23,CASACA RIGIDA JEANS / TORMENTA,352,CASACA RIGIDA JEANS / TORMENTA - Gris - M,Gris,M,5,3,0,20
23,CASACA RIGIDA JEANS / TORMENTA,350,CASACA RIGIDA JEANS / TORMENTA - Gris - S,Gris,S,5,2,0,16
23,CASACA RIGIDA JEANS / TORMENTA,357,CASACA RIGIDA JEANS / TORMENTA - Hielo - L,Hielo,L,,4,0,21
23,CASACA RIGIDA JEANS / TORMENTA,358,CASACA RIGIDA JEANS / TORMENTA - Hielo - M,Hielo,M,,3,0,23
23,CASACA RIGIDA JEANS / TORMENTA,356,CASACA RIGIDA JEANS / TORMENTA - Hielo - S,Hielo,S,,2,0,23
77,CASACA STRESH JEANS / TORMENTA,175,CASACA STRESH JEANS / TORMENTA - Azul Clasico - 28,Azul Clasico,28,4,10,0,21
77,CASACA STRESH JEANS / TORMENTA,176,CASACA STRESH JEANS / TORMENTA - Azul Clasico - 30,Azul Clasico,30,4,12,0,5
77,CASACA STRESH JEANS / TORMENTA,177,CASACA STRESH JEANS / TORMENTA - Azul Clasico - 32,Azul Clasico,32,4,14,0,3
77,CASACA STRESH JEANS / TORMENTA,181,CASACA STRESH JEANS / TORMENTA - Celeste - 28,Celeste,28,,10,0,19
77,CASACA STRESH JEANS / TORMENTA,182,CASACA STRESH JEANS / TORMENTA - Celeste - 30,Celeste,30,,12,0,7
77,CASACA STRESH JEANS / TORMENTA,183,CASACA STRESH JEANS / TORMENTA - Celeste - 32,Celeste,32,,14,0,10
77,CASACA STRESH JEANS / TORMENTA,178,CASACA STRESH JEANS / TORMENTA - Gris - 28,Gris,28,5,10,0,21
77,CASACA STRESH JEANS / TORMENTA,179,CASACA STRESH JEANS / TORMENTA - Gris - 30,Gris,30,5,12,0,4
77,CASACA STRESH JEANS / TORMENTA,180,CASACA STRESH JEANS / TORMENTA - Gris - 32,Gris,32,5,14,0,5
65,FALDA SHORT CARGO JEANS / TORMENTA,210,FALDA SHORT CARGO JEANS / TORMENTA - Azul Clasico - 28,Azul Clasico,28,4,10,0,2
65,FALDA SHORT CARGO JEANS / TORMENTA,211,FALDA SHORT CARGO JEANS / TORMENTA - Azul Clasico - 30,Azul Clasico,30,4,12,0,10
65,FALDA SHORT CARGO JEANS / TORMENTA,212,FALDA SHORT CARGO JEANS / TORMENTA - Azul Clasico - 32,Azul Clasico,32,4,14,0,9
65,FALDA SHORT CARGO JEANS / TORMENTA,213,FALDA SHORT CARGO JEANS / TORMENTA - Azul Vintage - 28,Azul Vintage,28,,10,0,9
65,FALDA SHORT CARGO JEANS / TORMENTA,214,FALDA SHORT CARGO JEANS / TORMENTA - Azul Vintage - 30,Azul Vintage,30,,12,0,20
65,FALDA SHORT CARGO JEANS / TORMENTA,215,FALDA SHORT CARGO JEANS / TORMENTA - Azul Vintage - 32,Azul Vintage,32,,14,0,18
65,FALDA SHORT CARGO JEANS / TORMENTA,219,FALDA SHORT CARGO JEANS / TORMENTA - Gris Plomo - 28,Gris Plomo,28,,10,0,22
65,FALDA SHORT CARGO JEANS / TORMENTA,220,FALDA SHORT CARGO JEANS / TORMENTA - Gris Plomo - 30,Gris Plomo,30,,12,0,11
65,FALDA SHORT CARGO JEANS / TORMENTA,221,FALDA SHORT CARGO JEANS / TORMENTA - Gris Plomo - 32,Gris Plomo,32,,14,0,20
65,FALDA SHORT CARGO JEANS / TORMENTA,216,FALDA SHORT CARGO JEANS / TORMENTA - Hielo - 28,Hielo,28,,10,0,12
65,FALDA SHORT CARGO JEANS / TORMENTA,217,FALDA SHORT CARGO JEANS / TORMENTA - Hielo - 30,Hielo,30,,12,0,20
65,FALDA SHORT CARGO JEANS / TORMENTA,218,FALDA SHORT CARGO JEANS / TORMENTA - Hielo - 32,Hielo,32,,14,0,2
81,FALDA SHORT EN PLIEGUES / TORMENTA,148,FALDA SHORT EN PLIEGUES / TORMENTA - Azul Clasico - 30,Azul Clasico,30,4,12,0,17
81,FALDA SHORT EN PLIEGUES / TORMENTA,149,FALDA SHORT EN PLIEGUES / TORMENTA - Azul Clasico - 32,Azul Clasico,32,4,14,0,16
81,FALDA SHORT EN PLIEGUES / TORMENTA,150,FALDA SHORT EN PLIEGUES / TORMENTA - Azul Clasico - 34,Azul Clasico,34,4,16,0,24
81,FALDA SHORT EN PLIEGUES / TORMENTA,151,FALDA SHORT EN PLIEGUES / TORMENTA - Celeste - 30,Celeste,30,,12,0,24
81,FALDA SHORT EN PLIEGUES / TORMENTA,152,FALDA SHORT EN PLIEGUES / TORMENTA - Celeste - 32,Celeste,32,,14,0,1
81,FALDA SHORT EN PLIEGUES / TORMENTA,153,FALDA SHORT EN PLIEGUES / TORMENTA - Celeste - 34,Celeste,34,,16,0,14
81,FALDA SHORT EN PLIEGUES / TORMENTA,154,FALDA SHORT EN PLIEGUES / TORMENTA - Gris - 30,Gris,30,5,12,0,14
81,FALDA SHORT EN PLIEGUES / TORMENTA,155,FALDA SHORT EN PLIEGUES / TORMENTA - Gris - 32,Gris,32,5,14,0,6
81,FALDA SHORT EN PLIEGUES / TORMENTA,156,FALDA SHORT EN PLIEGUES / TORMENTA - Gris - 34,Gris,34,5,16,0,11
81,FALDA SHORT EN PLIEGUES / TORMENTA,157,FALDA SHORT EN PLIEGUES / TORMENTA - Gris Plomo - 30,Gris Plomo,30,,12,0,14
81,FALDA SHORT EN PLIEGUES / TORMENTA,158,FALDA SHORT EN PLIEGUES / TORMENTA - Gris Plomo - 32,Gris Plomo,32,,14,0,24
81,FALDA SHORT EN PLIEGUES / TORMENTA,159,FALDA SHORT EN PLIEGUES / TORMENTA - Gris Plomo - 34,Gris Plomo,34,,16,0,20
107,FRESHTERRY JEAN / WOMAN,52,FRESHTERRY JEAN / WOMAN - Azul Clasico - 30,Azul Clasico,30,4,12,0,10
107,FRESHTERRY JEAN / WOMAN,53,FRESHTERRY JEAN / WOMAN - Azul Clasico - 34,Azul Clasico,34,4,16,0,13
107,FRESHTERRY JEAN / WOMAN,54,FRESHTERRY JEAN / WOMAN - Azul Pizarra - 30,Azul Pizarra,30,,12,0,8
107,FRESHTERRY JEAN / WOMAN,55,FRESHTERRY JEAN / WOMAN - Azul Pizarra - 34,Azul Pizarra,34,,16,0,6
107,FRESHTERRY JEAN / WOMAN,56,FRESHTERRY JEAN / WOMAN - Azul Vintage - 30,Azul Vintage,30,,12,0,12
107,FRESHTERRY JEAN / WOMAN,57,FRESHTERRY JEAN / WOMAN - Azul Vintage - 34,Azul Vintage,34,,16,0,1
63,FRESHTERRY JEANS / TORMENTA,222,FRESHTERRY JEANS / TORMENTA - Azul Clasico - 26,Azul Clasico,26,4,8,0,14
63,FRESHTERRY JEANS / TORMENTA,223,FRESHTERRY JEANS / TORMENTA - Azul Clasico - 30,Azul Clasico,30,4,12,0,20
63,FRESHTERRY JEANS / TORMENTA,224,FRESHTERRY JEANS / TORMENTA - Azul Clasico - 34,Azul Clasico,34,4,16,0,23
63,FRESHTERRY JEANS / TORMENTA,225,FRESHTERRY JEANS / TORMENTA - Azul Noche - 26,Azul Noche,26,,8,0,17
63,FRESHTERRY JEANS / TORMENTA,226,FRESHTERRY JEANS / TORMENTA - Azul Noche - 30,Azul Noche,30,,12,0,12
63,FRESHTERRY JEANS / TORMENTA,227,FRESHTERRY JEANS / TORMENTA - Azul Noche - 34,Azul Noche,34,,16,0,20
63,FRESHTERRY JEANS / TORMENTA,228,FRESHTERRY JEANS / TORMENTA - Azul Pizarra - 26,Azul Pizarra,26,,8,0,10
63,FRESHTERRY JEANS / TORMENTA,229,FRESHTERRY JEANS / TORMENTA - Azul Pizarra - 30,Azul Pizarra,30,,12,0,14
63,FRESHTERRY JEANS / TORMENTA,230,FRESHTERRY JEANS / TORMENTA - Azul Pizarra - 34,Azul Pizarra,34,,16,0,22
63,FRESHTERRY JEANS / TORMENTA,231,FRESHTERRY JEANS / TORMENTA - Celeste - 26,Celeste,26,,8,0,20
63,FRESHTERRY JEANS / TORMENTA,232,FRESHTERRY JEANS / TORMENTA - Celeste - 30,Celeste,30,,12,0,6
63,FRESHTERRY JEANS / TORMENTA,233,FRESHTERRY JEANS / TORMENTA - Celeste - 34,Celeste,34,,16,0,5
63,FRESHTERRY JEANS / TORMENTA,234,FRESHTERRY JEANS / TORMENTA - Gris - 26,Gris,26,5,8,0,12
63,FRESHTERRY JEANS / TORMENTA,235,FRESHTERRY JEANS / TORMENTA - Gris - 30,Gris,30,5,12,0,23
63,FRESHTERRY JEANS / TORMENTA,236,FRESHTERRY JEANS / TORMENTA - Gris - 34,Gris,34,5,16,0,17
63,FRESHTERRY JEANS / TORMENTA,237,FRESHTERRY JEANS / TORMENTA - Hielo - 26,Hielo,26,,8,0,14
63,FRESHTERRY JEANS / TORMENTA,238,FRESHTERRY JEANS / TORMENTA - Hielo - 30,Hielo,30,,12,0,23
63,FRESHTERRY JEANS / TORMENTA,239,FRESHTERRY JEANS / TORMENTA - Hielo - 34,Hielo,34,,16,0,4
89,JEANPEAR JEANS / TORMENTA,67,JEANPEAR JEANS / TORMENTA - Azul Clasico - 26,Azul Clasico,26,4,8,0,17
89,JEANPEAR JEANS / TORMENTA,68,JEANPEAR JEANS / TORMENTA - Azul Clasico - 28,Azul Clasico,28,4,10,0,10
89,JEANPEAR JEANS / TORMENTA,69,JEANPEAR JEANS / TORMENTA - Azul Noche - 26,Azul Noche,26,,8,0,9
89,JEANPEAR JEANS / TORMENTA,70,JEANPEAR JEANS / TORMENTA - Azul Noche - 28,Azul Noche,28,,10,0,12
89,JEANPEAR JEANS / TORMENTA,71,JEANPEAR JEANS / TORMENTA - Azul Pizarra - 26,Azul Pizarra,26,,8,0,6
89,JEANPEAR JEANS / TORMENTA,72,JEANPEAR JEANS / TORMENTA - Azul Pizarra - 28,Azul Pizarra,28,,10,0,25
89,JEANPEAR JEANS / TORMENTA,73,JEANPEAR JEANS / TORMENTA - Azul Vintage - 26,Azul Vintage,26,,8,0,13
89,JEANPEAR JEANS / TORMENTA,74,JEANPEAR JEANS / TORMENTA - Azul Vintage - 28,Azul Vintage,28,,10,0,21
49,MINIFALDA 3 LINEAS / TORMENTA,307,MINIFALDA 3 LINEAS / TORMENTA - Azul Clasico - 26,Azul Clasico,26,4,8,0,21
49,MINIFALDA 3 LINEAS / TORMENTA,308,MINIFALDA 3 LINEAS / TORMENTA - Azul Clasico - 28,Azul Clasico,28,4,10,0,17
49,MINIFALDA 3 LINEAS / TORMENTA,309,MINIFALDA 3 LINEAS / TORMENTA - Azul Noche - 26,Azul Noche,26,,8,0,17
49,MINIFALDA 3 LINEAS / TORMENTA,310,MINIFALDA 3 LINEAS / TORMENTA - Azul Noche - 28,Azul Noche,28,,10,0,25
49,MINIFALDA 3 LINEAS / TORMENTA,313,MINIFALDA 3 LINEAS / TORMENTA - Celeste - 26,Celeste,26,,8,0,25
49,MINIFALDA 3 LINEAS / TORMENTA,314,MINIFALDA 3 LINEAS / TORMENTA - Celeste - 28,Celeste,28,,10,0,20
49,MINIFALDA 3 LINEAS / TORMENTA,311,MINIFALDA 3 LINEAS / TORMENTA - Gris Plomo - 26,Gris Plomo,26,,8,0,13
49,MINIFALDA 3 LINEAS / TORMENTA,312,MINIFALDA 3 LINEAS / TORMENTA - Gris Plomo - 28,Gris Plomo,28,,10,0,18
49,MINIFALDA 3 LINEAS / TORMENTA,315,MINIFALDA 3 LINEAS / TORMENTA - Hielo - 26,Hielo,26,,8,0,10
49,MINIFALDA 3 LINEAS / TORMENTA,316,MINIFALDA 3 LINEAS / TORMENTA - Hielo - 28,Hielo,28,,10,0,17
61,MINIFALDA JEANS / TORMENTA,240,MINIFALDA JEANS / TORMENTA - Azul Clasico - 28,Azul Clasico,28,4,10,0,13
61,MINIFALDA JEANS / TORMENTA,241,MINIFALDA JEANS / TORMENTA - Azul Clasico - 32,Azul Clasico,32,4,14,0,25
61,MINIFALDA JEANS / TORMENTA,242,MINIFALDA JEANS / TORMENTA - Azul Clasico - 34,Azul Clasico,34,4,16,0,16
61,MINIFALDA JEANS / TORMENTA,243,MINIFALDA JEANS / TORMENTA - Celeste - 28,Celeste,28,,10,0,18
61,MINIFALDA JEANS / TORMENTA,244,MINIFALDA JEANS / TORMENTA - Celeste - 32,Celeste,32,,14,0,24
61,MINIFALDA JEANS / TORMENTA,245,MINIFALDA JEANS / TORMENTA - Celeste - 34,Celeste,34,,16,0,6
61,MINIFALDA JEANS / TORMENTA,246,MINIFALDA JEANS / TORMENTA - Hielo - 28,Hielo,28,,10,0,9
61,MINIFALDA JEANS / TORMENTA,247,MINIFALDA JEANS / TORMENTA - Hielo - 32,Hielo,32,,14,0,4
61,MINIFALDA JEANS / TORMENTA,248,MINIFALDA JEANS / TORMENTA - Hielo - 34,Hielo,34,,16,0,23
79,MODELO MALAGA / TORMENTA,160,MODELO MALAGA / TORMENTA - Azul Clasico - 28,Azul Clasico,28,4,10,0,7
79,MODELO MALAGA / TORMENTA,161,MODELO MALAGA / TORMENTA - Azul Clasico - 30,Azul Clasico,30,4,12,0,23
79,MODELO MALAGA / TORMENTA,162,MODELO MALAGA / TORMENTA - Beige - 28,Beige,28,6,10,0,5
79,MODELO MALAGA / TORMENTA,163,MODELO MALAGA / TORMENTA - Beige - 30,Beige,30,6,12,0,8
79,MODELO MALAGA / TORMENTA,164,MODELO MALAGA / TORMENTA - Gris - 28,Gris,28,5,10,0,1
79,MODELO MALAGA / TORMENTA,165,MODELO MALAGA / TORMENTA - Gris - 30,Gris,30,5,12,0,22
90,MODELO RIZOS / TORMENTA,63,MODELO RIZOS / TORMENTA - Azul - 26,Azul,26,3,8,0,3
90,MODELO RIZOS / TORMENTA,61,MODELO RIZOS / TORMENTA - Azul - 28,Azul,28,3,10,0,24
90,MODELO RIZOS / TORMENTA,62,MODELO RIZOS / TORMENTA - Azul - 30,Azul,30,3,12,0,9
90,MODELO RIZOS / TORMENTA,60,MODELO RIZOS / TORMENTA - Azul Noche - 26,Azul Noche,26,,8,0,3
90,MODELO RIZOS / TORMENTA,58,MODELO RIZOS / TORMENTA - Azul Noche - 28,Azul Noche,28,,10,0,11
90,MODELO RIZOS / TORMENTA,59,MODELO RIZOS / TORMENTA - Azul Noche - 30,Azul Noche,30,,12,0,24
90,MODELO RIZOS / TORMENTA,66,MODELO RIZOS / TORMENTA - Gris Plomo - 26,Gris Plomo,26,,8,0,20
90,MODELO RIZOS / TORMENTA,64,MODELO RIZOS / TORMENTA - Gris Plomo - 28,Gris Plomo,28,,10,0,23
90,MODELO RIZOS / TORMENTA,65,MODELO RIZOS / TORMENTA - Gris Plomo - 30,Gris Plomo,30,,12,0,6
86,MODELO SARA / TORMENTA,92,MODELO SARA / TORMENTA - Azul Clasico - 30,Azul Clasico,30,4,12,0,3
86,MODELO SARA / TORMENTA,93,MODELO SARA / TORMENTA - Azul Clasico - 32,Azul Clasico,32,4,14,0,2
86,MODELO SARA / TORMENTA,94,MODELO SARA / TORMENTA - Azul Clasico - 34,Azul Clasico,34,4,16,0,1
86,MODELO SARA / TORMENTA,95,MODELO SARA / TORMENTA - Azul Noche - 30,Azul Noche,30,,12,0,13
86,MODELO SARA / TORMENTA,96,MODELO SARA / TORMENTA - Azul Noche - 32,Azul Noche,32,,14,0,23
86,MODELO SARA / TORMENTA,97,MODELO SARA / TORMENTA - Azul Noche - 34,Azul Noche,34,,16,0,15
86,MODELO SARA / TORMENTA,98,MODELO SARA / TORMENTA - Gris Plomo - 30,Gris Plomo,30,,12,0,22
86,MODELO SARA / TORMENTA,99,MODELO SARA / TORMENTA - Gris Plomo - 32,Gris Plomo,32,,14,0,7
86,MODELO SARA / TORMENTA,100,MODELO SARA / TORMENTA - Gris Plomo - 34,Gris Plomo,34,,16,0,17
86,MODELO SARA / TORMENTA,101,MODELO SARA / TORMENTA - Hielo - 30,Hielo,30,,12,0,25
86,MODELO SARA / TORMENTA,102,MODELO SARA / TORMENTA - Hielo - 32,Hielo,32,,14,0,16
86,MODELO SARA / TORMENTA,103,MODELO SARA / TORMENTA - Hielo - 34,Hielo,34,,16,0,3
82,MOM JEANS STRESH / TORMENTA,141,MOM JEANS STRESH / TORMENTA - Azul Clasico - 26,Azul Clasico,26,4,8,0,10
82,MOM JEANS STRESH / TORMENTA,140,MOM JEANS STRESH / TORMENTA - Azul Clasico - 28,Azul Clasico,28,4,10,0,21
82,MOM JEANS STRESH / TORMENTA,139,MOM JEANS STRESH / TORMENTA - Azul Clasico - 30,Azul Clasico,30,4,12,0,8
82,MOM JEANS STRESH / TORMENTA,144,MOM JEANS STRESH / TORMENTA - Azul Noche - 26,Azul Noche,26,,8,0,15
82,MOM JEANS STRESH / TORMENTA,143,MOM JEANS STRESH / TORMENTA - Azul Noche - 28,Azul Noche,28,,10,0,12
82,MOM JEANS STRESH / TORMENTA,142,MOM JEANS STRESH / TORMENTA - Azul Noche - 30,Azul Noche,30,,12,0,25
82,MOM JEANS STRESH / TORMENTA,147,MOM JEANS STRESH / TORMENTA - Azul Pizarra - 26,Azul Pizarra,26,,8,0,9
82,MOM JEANS STRESH / TORMENTA,146,MOM JEANS STRESH / TORMENTA - Azul Pizarra - 28,Azul Pizarra,28,,10,0,15
82,MOM JEANS STRESH / TORMENTA,145,MOM JEANS STRESH / TORMENTA - Azul Pizarra - 30,Azul Pizarra,30,,12,0,6
50,MOM PINZAS EN LA RODILLA / TORMENTA,290,MOM PINZAS EN LA RODILLA / TORMENTA - Azul Clasico - 26,Azul Clasico,26,4,8,0,10
50,MOM PINZAS EN LA RODILLA / TORMENTA,287,MOM PINZAS EN LA RODILLA / TORMENTA - Azul Clasico - 28,Azul Clasico,28,4,10,0,16
50,MOM PINZAS EN LA RODILLA / TORMENTA,288,MOM PINZAS EN LA RODILLA / TORMENTA - Azul Clasico - 30,Azul Clasico,30,4,12,0,3
50,MOM PINZAS EN LA RODILLA / TORMENTA,289,MOM PINZAS EN LA RODILLA / TORMENTA - Azul Clasico - 32,Azul Clasico,32,4,14,0,6
50,MOM PINZAS EN LA RODILLA / TORMENTA,294,MOM PINZAS EN LA RODILLA / TORMENTA - Azul Pizarra - 26,Azul Pizarra,26,,8,0,2
50,MOM PINZAS EN LA RODILLA / TORMENTA,291,MOM PINZAS EN LA RODILLA / TORMENTA - Azul Pizarra - 28,Azul Pizarra,28,,10,0,17
50,MOM PINZAS EN LA RODILLA / TORMENTA,292,MOM PINZAS EN LA RODILLA / TORMENTA - Azul Pizarra - 30,Azul Pizarra,30,,12,0,8
50,MOM PINZAS EN LA RODILLA / TORMENTA,293,MOM PINZAS EN LA RODILLA / TORMENTA - Azul Pizarra - 32,Azul Pizarra,32,,14,0,3
50,MOM PINZAS EN LA RODILLA / TORMENTA,298,MOM PINZAS EN LA RODILLA / TORMENTA - Celeste - 26,Celeste,26,,8,0,6
50,MOM PINZAS EN LA RODILLA / TORMENTA,295,MOM PINZAS EN LA RODILLA / TORMENTA - Celeste - 28,Celeste,28,,10,0,23
50,MOM PINZAS EN LA RODILLA / TORMENTA,296,MOM PINZAS EN LA RODILLA / TORMENTA - Celeste - 30,Celeste,30,,12,0,16
50,MOM PINZAS EN LA RODILLA / TORMENTA,297,MOM PINZAS EN LA RODILLA / TORMENTA - Celeste - 32,Celeste,32,,14,0,17
50,MOM PINZAS EN LA RODILLA / TORMENTA,302,MOM PINZAS EN LA RODILLA / TORMENTA - Gris - 26,Gris,26,5,8,0,19
50,MOM PINZAS EN LA RODILLA / TORMENTA,299,MOM PINZAS EN LA RODILLA / TORMENTA - Gris - 28,Gris,28,5,10,0,15
50,MOM PINZAS EN LA RODILLA / TORMENTA,300,MOM PINZAS EN LA RODILLA / TORMENTA - Gris - 30,Gris,30,5,12,0,8
50,MOM PINZAS EN LA RODILLA / TORMENTA,301,MOM PINZAS EN LA RODILLA / TORMENTA - Gris - 32,Gris,32,5,14,0,17
50,MOM PINZAS EN LA RODILLA / TORMENTA,306,MOM PINZAS EN LA RODILLA / TORMENTA - Hielo - 26,Hielo,26,,8,0,15
50,MOM PINZAS EN LA RODILLA / TORMENTA,303,MOM PINZAS EN LA RODILLA / TORMENTA - Hielo - 28,Hielo,28,,10,0,10
50,MOM PINZAS EN LA RODILLA / TORMENTA,304,MOM PINZAS EN LA RODILLA / TORMENTA - Hielo - 30,Hielo,30,,12,0,7
50,MOM PINZAS EN LA RODILLA / TORMENTA,305,MOM PINZAS EN LA RODILLA / TORMENTA - Hielo - 32,Hielo,32,,14,0,24
85,MULTICARGO COLOR / TORMENTA,116,MULTICARGO COLOR / TORMENTA - Melocoton Oscuro - 28,Melocoton Oscuro,28,,10,0,22
85,MULTICARGO COLOR / TORMENTA,117,MULTICARGO COLOR / TORMENTA - Melocoton Oscuro - 32,Melocoton Oscuro,32,,14,0,21
85,MULTICARGO COLOR / TORMENTA,118,MULTICARGO COLOR / TORMENTA - Melocoton Oscuro - 34,Melocoton Oscuro,34,,16,0,4
85,MULTICARGO COLOR / TORMENTA,113,MULTICARGO COLOR / TORMENTA - Rosa Pastel - 28,Rosa Pastel,28,,10,0,4
85,MULTICARGO COLOR / TORMENTA,114,MULTICARGO COLOR / TORMENTA - Rosa Pastel - 32,Rosa Pastel,32,,14,0,10
85,MULTICARGO COLOR / TORMENTA,115,MULTICARGO COLOR / TORMENTA - Rosa Pastel - 34,Rosa Pastel,34,,16,0,8
85,MULTICARGO COLOR / TORMENTA,110,MULTICARGO COLOR / TORMENTA - Terracota - 28,Terracota,28,,10,0,14
85,MULTICARGO COLOR / TORMENTA,111,MULTICARGO COLOR / TORMENTA - Terracota - 32,Terracota,32,,14,0,1
85,MULTICARGO COLOR / TORMENTA,112,MULTICARGO COLOR / TORMENTA - Terracota - 34,Terracota,34,,16,0,9
85,MULTICARGO COLOR / TORMENTA,107,MULTICARGO COLOR / TORMENTA - Verde Olivo - 28,Verde Olivo,28,,10,0,14
85,MULTICARGO COLOR / TORMENTA,108,MULTICARGO COLOR / TORMENTA - Verde Olivo - 32,Verde Olivo,32,,14,0,3
85,MULTICARGO COLOR / TORMENTA,109,MULTICARGO COLOR / TORMENTA - Verde Olivo - 34,Verde Olivo,34,,16,0,18
85,MULTICARGO COLOR / TORMENTA,104,MULTICARGO COLOR / TORMENTA - Vino - 28,Vino,28,,10,0,3
85,MULTICARGO COLOR / TORMENTA,105,MULTICARGO COLOR / TORMENTA - Vino - 32,Vino,32,,14,0,2
85,MULTICARGO COLOR / TORMENTA,106,MULTICARGO COLOR / TORMENTA - Vino - 34,Vino,34,,16,0,16
83,PALAZO CLASICO JEANS / TORMENTA,137,PALAZO CLASICO JEANS / TORMENTA - Gris Plomo - 28,Gris Plomo,28,,10,0,15
83,PALAZO CLASICO JEANS / TORMENTA,138,PALAZO CLASICO JEANS / TORMENTA - Gris Plomo - 30,Gris Plomo,30,,12,0,12
83,PALAZO CLASICO JEANS / TORMENTA,135,PALAZO CLASICO JEANS / TORMENTA - Rosa Pastel - 28,Rosa Pastel,28,,10,0,17
83,PALAZO CLASICO JEANS / TORMENTA,136,PALAZO CLASICO JEANS / TORMENTA - Rosa Pastel - 30,Rosa Pastel,30,,12,0,13
83,PALAZO CLASICO JEANS / TORMENTA,133,PALAZO CLASICO JEANS / TORMENTA - Terracota - 28,Terracota,28,,10,0,13
83,PALAZO CLASICO JEANS / TORMENTA,134,PALAZO CLASICO JEANS / TORMENTA - Terracota - 30,Terracota,30,,12,0,7
83,PALAZO CLASICO JEANS / TORMENTA,129,PALAZO CLASICO JEANS / TORMENTA - Verde Olivo - 28,Verde Olivo,28,,10,0,23
83,PALAZO CLASICO JEANS / TORMENTA,130,PALAZO CLASICO JEANS / TORMENTA - Verde Olivo - 30,Verde Olivo,30,,12,0,4
83,PALAZO CLASICO JEANS / TORMENTA,131,PALAZO CLASICO JEANS / TORMENTA - Vino - 28,Vino,28,,10,0,22
83,PALAZO CLASICO JEANS / TORMENTA,132,PALAZO CLASICO JEANS / TORMENTA - Vino - 30,Vino,30,,12,0,6
55,PALAZO COLOR RIGIDO / TORMENTA,282,PALAZO COLOR RIGIDO / TORMENTA - Rosa Pastel - 28,Rosa Pastel,28,,10,0,4
55,PALAZO COLOR RIGIDO / TORMENTA,283,PALAZO COLOR RIGIDO / TORMENTA - Rosa Pastel - 30,Rosa Pastel,30,,12,0,20
55,PALAZO COLOR RIGIDO / TORMENTA,284,PALAZO COLOR RIGIDO / TORMENTA - Rosa Pastel - 32,Rosa Pastel,32,,14,0,17
55,PALAZO COLOR RIGIDO / TORMENTA,279,PALAZO COLOR RIGIDO / TORMENTA - Terracota - 28,Terracota,28,,10,0,25
55,PALAZO COLOR RIGIDO / TORMENTA,280,PALAZO COLOR RIGIDO / TORMENTA - Terracota - 30,Terracota,30,,12,0,18
55,PALAZO COLOR RIGIDO / TORMENTA,281,PALAZO COLOR RIGIDO / TORMENTA - Terracota - 32,Terracota,32,,14,0,7
55,PALAZO COLOR RIGIDO / TORMENTA,273,PALAZO COLOR RIGIDO / TORMENTA - Verde Olivo - 28,Verde Olivo,28,,10,0,10
55,PALAZO COLOR RIGIDO / TORMENTA,274,PALAZO COLOR RIGIDO / TORMENTA - Verde Olivo - 30,Verde Olivo,30,,12,0,6
55,PALAZO COLOR RIGIDO / TORMENTA,275,PALAZO COLOR RIGIDO / TORMENTA - Verde Olivo - 32,Verde Olivo,32,,14,0,15
55,PALAZO COLOR RIGIDO / TORMENTA,276,PALAZO COLOR RIGIDO / TORMENTA - Vino - 28,Vino,28,,10,0,16
55,PALAZO COLOR RIGIDO / TORMENTA,277,PALAZO COLOR RIGIDO / TORMENTA - Vino - 30,Vino,30,,12,0,18
55,PALAZO COLOR RIGIDO / TORMENTA,278,PALAZO COLOR RIGIDO / TORMENTA - Vino - 32,Vino,32,,14,0,2
84,PALAZO DE COLOR STRESH / TORMENTA,127,PALAZO DE COLOR STRESH / TORMENTA - Blanco Roto - 28,Blanco Roto,28,,10,0,23
84,PALAZO DE COLOR STRESH / TORMENTA,128,PALAZO DE COLOR STRESH / TORMENTA - Blanco Roto - 32,Blanco Roto,32,,14,0,23
84,PALAZO DE COLOR STRESH / TORMENTA,125,PALAZO DE COLOR STRESH / TORMENTA - Gris Plomo - 28,Gris Plomo,28,,10,0,9
84,PALAZO DE COLOR STRESH / TORMENTA,126,PALAZO DE COLOR STRESH / TORMENTA - Gris Plomo - 32,Gris Plomo,32,,14,0,23
84,PALAZO DE COLOR STRESH / TORMENTA,123,PALAZO DE COLOR STRESH / TORMENTA - Marron Chocolate - 28,Marron Chocolate,28,,10,0,15
84,PALAZO DE COLOR STRESH / TORMENTA,124,PALAZO DE COLOR STRESH / TORMENTA - Marron Chocolate - 32,Marron Chocolate,32,,14,0,5
84,PALAZO DE COLOR STRESH / TORMENTA,119,PALAZO DE COLOR STRESH / TORMENTA - Rosa Pastel - 28,Rosa Pastel,28,,10,0,14
84,PALAZO DE COLOR STRESH / TORMENTA,120,PALAZO DE COLOR STRESH / TORMENTA - Rosa Pastel - 32,Rosa Pastel,32,,14,0,9
84,PALAZO DE COLOR STRESH / TORMENTA,121,PALAZO DE COLOR STRESH / TORMENTA - Terracota - 28,Terracota,28,,10,0,15
84,PALAZO DE COLOR STRESH / TORMENTA,122,PALAZO DE COLOR STRESH / TORMENTA - Terracota - 32,Terracota,32,,14,0,23
37,PALAZO JEANS / WOMAN,359,PALAZO JEANS / WOMAN - Azul Clasico - 28,Azul Clasico,28,4,10,0,20
37,PALAZO JEANS / WOMAN,360,PALAZO JEANS / WOMAN - Azul Clasico - 30,Azul Clasico,30,4,12,0,14
37,PALAZO JEANS / WOMAN,361,PALAZO JEANS / WOMAN - Azul Clasico - 32,Azul Clasico,32,4,14,0,10
37,PALAZO JEANS / WOMAN,362,PALAZO JEANS / WOMAN - Azul Noche - 28,Azul Noche,28,,10,0,18
37,PALAZO JEANS / WOMAN,363,PALAZO JEANS / WOMAN - Azul Noche - 30,Azul Noche,30,,12,0,3
37,PALAZO JEANS / WOMAN,364,PALAZO JEANS / WOMAN - Azul Noche - 32,Azul Noche,32,,14,0,5
37,PALAZO JEANS / WOMAN,368,PALAZO JEANS / WOMAN - Celeste - 28,Celeste,28,,10,0,12
37,PALAZO JEANS / WOMAN,369,PALAZO JEANS / WOMAN - Celeste - 30,Celeste,30,,12,0,2
37,PALAZO JEANS / WOMAN,370,PALAZO JEANS / WOMAN - Celeste - 32,Celeste,32,,14,0,24
37,PALAZO JEANS / WOMAN,365,PALAZO JEANS / WOMAN - Gris - 28,Gris,28,5,10,0,8
37,PALAZO JEANS / WOMAN,366,PALAZO JEANS / WOMAN - Gris - 30,Gris,30,5,12,0,14
37,PALAZO JEANS / WOMAN,367,PALAZO JEANS / WOMAN - Gris - 32,Gris,32,5,14,0,6
37,PALAZO JEANS / WOMAN,371,PALAZO JEANS / WOMAN - Hielo - 28,Hielo,28,,10,0,9
37,PALAZO JEANS / WOMAN,372,PALAZO JEANS / WOMAN - Hielo - 30,Hielo,30,,12,0,8
37,PALAZO JEANS / WOMAN,373,PALAZO JEANS / WOMAN - Hielo - 32,Hielo,32,,14,0,17
69,PANTALON ALASKA / TORMENTA,198,PANTALON ALASKA / TORMENTA - Azul Clasico - 30,Azul Clasico,30,4,12,0,6
69,PANTALON ALASKA / TORMENTA,199,PANTALON ALASKA / TORMENTA - Azul Clasico - 32,Azul Clasico,32,4,14,0,19
69,PANTALON ALASKA / TORMENTA,200,PANTALON ALASKA / TORMENTA - Azul Clasico - 34,Azul Clasico,34,4,16,0,4
69,PANTALON ALASKA / TORMENTA,201,PANTALON ALASKA / TORMENTA - Azul Noche - 30,Azul Noche,30,,12,0,25
69,PANTALON ALASKA / TORMENTA,202,PANTALON ALASKA / TORMENTA - Azul Noche - 32,Azul Noche,32,,14,0,5
69,PANTALON ALASKA / TORMENTA,203,PANTALON ALASKA / TORMENTA - Azul Noche - 34,Azul Noche,34,,16,0,15
69,PANTALON ALASKA / TORMENTA,204,PANTALON ALASKA / TORMENTA - Azul Pizarra - 30,Azul Pizarra,30,,12,0,23
69,PANTALON ALASKA / TORMENTA,205,PANTALON ALASKA / TORMENTA - Azul Pizarra - 32,Azul Pizarra,32,,14,0,23
69,PANTALON ALASKA / TORMENTA,206,PANTALON ALASKA / TORMENTA - Azul Pizarra - 34,Azul Pizarra,34,,16,0,16
69,PANTALON ALASKA / TORMENTA,207,PANTALON ALASKA / TORMENTA - Blanco Roto - 30,Blanco Roto,30,,12,0,2
69,PANTALON ALASKA / TORMENTA,208,PANTALON ALASKA / TORMENTA - Blanco Roto - 32,Blanco Roto,32,,14,0,1
69,PANTALON ALASKA / TORMENTA,209,PANTALON ALASKA / TORMENTA - Blanco Roto - 34,Blanco Roto,34,,16,0,22
87,POLOS,87,POLOS - Azul - UNI,Azul,UNI,3,7,0,14
87,POLOS,89,POLOS - Blanco Roto - UNI,Blanco Roto,UNI,,7,0,6
87,POLOS,88,POLOS - Celeste - UNI,Celeste,UNI,,7,0,18
87,POLOS,90,POLOS - Marron Chocolate - UNI,Marron Chocolate,UNI,,7,0,6
87,POLOS,91,POLOS - Verde Olivo - UNI,Verde Olivo,UNI,,7,0,25
59,SHORT COLOR RIGIDO / TORMENTA,251,SHORT COLOR RIGIDO / TORMENTA - Azul Clasico - 26,Azul Clasico,26,4,8,0,12
59,SHORT COLOR RIGIDO / TORMENTA,249,SHORT COLOR RIGIDO / TORMENTA - Azul Clasico - 28,Azul Clasico,28,4,10,0,11
59,SHORT COLOR RIGIDO / TORMENTA,250,SHORT COLOR RIGIDO / TORMENTA - Azul Clasico - 30,Azul Clasico,30,4,12,0,14
59,SHORT COLOR RIGIDO / TORMENTA,254,SHORT COLOR RIGIDO / TORMENTA - Azul Pizarra - 26,Azul Pizarra,26,,8,0,14
59,SHORT COLOR RIGIDO / TORMENTA,252,SHORT COLOR RIGIDO / TORMENTA - Azul Pizarra - 28,Azul Pizarra,28,,10,0,10
59,SHORT COLOR RIGIDO / TORMENTA,253,SHORT COLOR RIGIDO / TORMENTA - Azul Pizarra - 30,Azul Pizarra,30,,12,0,16
59,SHORT COLOR RIGIDO / TORMENTA,257,SHORT COLOR RIGIDO / TORMENTA - Gris Plomo - 26,Gris Plomo,26,,8,0,22
59,SHORT COLOR RIGIDO / TORMENTA,255,SHORT COLOR RIGIDO / TORMENTA - Gris Plomo - 28,Gris Plomo,28,,10,0,4
59,SHORT COLOR RIGIDO / TORMENTA,256,SHORT COLOR RIGIDO / TORMENTA - Gris Plomo - 30,Gris Plomo,30,,12,0,22
59,SHORT COLOR RIGIDO / TORMENTA,260,SHORT COLOR RIGIDO / TORMENTA - Hielo - 26,Hielo,26,,8,0,14
59,SHORT COLOR RIGIDO / TORMENTA,258,SHORT COLOR RIGIDO / TORMENTA - Hielo - 28,Hielo,28,,10,0,6
59,SHORT COLOR RIGIDO / TORMENTA,259,SHORT COLOR RIGIDO / TORMENTA - Hielo - 30,Hielo,30,,12,0,25
109,SHORT FRESHTERRY SEFERINA / TORMENTA,43,SHORT FRESHTERRY SEFERINA / TORMENTA - Azul Noche - 26,Azul Noche,26,,8,0,21
109,SHORT FRESHTERRY SEFERINA / TORMENTA,44,SHORT FRESHTERRY SEFERINA / TORMENTA - Azul Noche - 30,Azul Noche,30,,12,0,24
109,SHORT FRESHTERRY SEFERINA / TORMENTA,45,SHORT FRESHTERRY SEFERINA / TORMENTA - Azul Noche - 32,Azul Noche,32,,14,0,22
109,SHORT FRESHTERRY SEFERINA / TORMENTA,46,SHORT FRESHTERRY SEFERINA / TORMENTA - Azul Pizarra - 26,Azul Pizarra,26,,8,0,23
109,SHORT FRESHTERRY SEFERINA / TORMENTA,47,SHORT FRESHTERRY SEFERINA / TORMENTA - Azul Pizarra - 30,Azul Pizarra,30,,12,0,24
109,SHORT FRESHTERRY SEFERINA / TORMENTA,48,SHORT FRESHTERRY SEFERINA / TORMENTA - Azul Pizarra - 32,Azul Pizarra,32,,14,0,10
109,SHORT FRESHTERRY SEFERINA / TORMENTA,49,SHORT FRESHTERRY SEFERINA / TORMENTA - Beige - 26,Beige,26,6,8,0,13
109,SHORT FRESHTERRY SEFERINA / TORMENTA,50,SHORT FRESHTERRY SEFERINA / TORMENTA - Beige - 30,Beige,30,6,12,0,5
109,SHORT FRESHTERRY SEFERINA / TORMENTA,51,SHORT FRESHTERRY SEFERINA / TORMENTA - Beige - 32,Beige,32,6,14,0,11
113,SHORT RIGIDO RASGADO C/S BASTA / TORMENTA,22,SHORT RIGIDO RASGADO C/S BASTA / TORMENTA - Azul Clasico - 28,Azul Clasico,28,4,10,0,9
113,SHORT RIGIDO RASGADO C/S BASTA / TORMENTA,23,SHORT RIGIDO RASGADO C/S BASTA / TORMENTA - Azul Clasico - 30,Azul Clasico,30,4,12,0,22
113,SHORT RIGIDO RASGADO C/S BASTA / TORMENTA,24,SHORT RIGIDO RASGADO C/S BASTA / TORMENTA - Azul Clasico - 32,Azul Clasico,32,4,14,0,20
113,SHORT RIGIDO RASGADO C/S BASTA / TORMENTA,31,SHORT RIGIDO RASGADO C/S BASTA / TORMENTA - Celeste - 28,Celeste,28,,10,0,6
113,SHORT RIGIDO RASGADO C/S BASTA / TORMENTA,32,SHORT RIGIDO RASGADO C/S BASTA / TORMENTA - Celeste - 30,Celeste,30,,12,0,9
113,SHORT RIGIDO RASGADO C/S BASTA / TORMENTA,33,SHORT RIGIDO RASGADO C/S BASTA / TORMENTA - Celeste - 32,Celeste,32,,14,0,12
113,SHORT RIGIDO RASGADO C/S BASTA / TORMENTA,28,SHORT RIGIDO RASGADO C/S BASTA / TORMENTA - Gris - 28,Gris,28,5,10,0,23
113,SHORT RIGIDO RASGADO C/S BASTA / TORMENTA,29,SHORT RIGIDO RASGADO C/S BASTA / TORMENTA - Gris - 30,Gris,30,5,12,0,19
113,SHORT RIGIDO RASGADO C/S BASTA / TORMENTA,30,SHORT RIGIDO RASGADO C/S BASTA / TORMENTA - Gris - 32,Gris,32,5,14,0,21
113,SHORT RIGIDO RASGADO C/S BASTA / TORMENTA,25,SHORT RIGIDO RASGADO C/S BASTA / TORMENTA - Hielo - 28,Hielo,28,,10,0,6
113,SHORT RIGIDO RASGADO C/S BASTA / TORMENTA,26,SHORT RIGIDO RASGADO C/S BASTA / TORMENTA - Hielo - 30,Hielo,30,,12,0,17
113,SHORT RIGIDO RASGADO C/S BASTA / TORMENTA,27,SHORT RIGIDO RASGADO C/S BASTA / TORMENTA - Hielo - 32,Hielo,32,,14,0,12
57,TORERO FRESHTERRY / TORMENTA,261,TORERO FRESHTERRY / TORMENTA - Azul Clasico - 28,Azul Clasico,28,4,10,0,7
57,TORERO FRESHTERRY / TORMENTA,262,TORERO FRESHTERRY / TORMENTA - Azul Clasico - 30,Azul Clasico,30,4,12,0,9
57,TORERO FRESHTERRY / TORMENTA,263,TORERO FRESHTERRY / TORMENTA - Azul Clasico - 32,Azul Clasico,32,4,14,0,24
57,TORERO FRESHTERRY / TORMENTA,264,TORERO FRESHTERRY / TORMENTA - Azul Noche - 28,Azul Noche,28,,10,0,7
57,TORERO FRESHTERRY / TORMENTA,265,TORERO FRESHTERRY / TORMENTA - Azul Noche - 30,Azul Noche,30,,12,0,22
57,TORERO FRESHTERRY / TORMENTA,266,TORERO FRESHTERRY / TORMENTA - Azul Noche - 32,Azul Noche,32,,14,0,11
57,TORERO FRESHTERRY / TORMENTA,267,TORERO FRESHTERRY / TORMENTA - Azul Pizarra - 28,Azul Pizarra,28,,10,0,12
57,TORERO FRESHTERRY / TORMENTA,268,TORERO FRESHTERRY / TORMENTA - Azul Pizarra - 30,Azul Pizarra,30,,12,0,16
57,TORERO FRESHTERRY / TORMENTA,269,TORERO FRESHTERRY / TORMENTA - Azul Pizarra - 32,Azul Pizarra,32,,14,0,3
57,TORERO FRESHTERRY / TORMENTA,270,TORERO FRESHTERRY / TORMENTA - Azul Vintage - 28,Azul Vintage,28,,10,0,23
57,TORERO FRESHTERRY / TORMENTA,271,TORERO FRESHTERRY / TORMENTA - Azul Vintage - 30,Azul Vintage,30,,12,0,13
57,TORERO FRESHTERRY / TORMENTA,272,TORERO FRESHTERRY / TORMENTA - Azul Vintage - 32,Azul Vintage,32,,14,0,21
110,TORERO FRESHTERRY SEFERINA / TORMENTA,40,TORERO FRESHTERRY SEFERINA / TORMENTA - Azul - 28,Azul,28,3,10,0,2
110,TORERO FRESHTERRY SEFERINA / TORMENTA,41,TORERO FRESHTERRY SEFERINA / TORMENTA - Azul - 32,Azul,32,3,14,0,12
110,TORERO FRESHTERRY SEFERINA / TORMENTA,42,TORERO FRESHTERRY SEFERINA / TORMENTA - Azul - 34,Azul,34,3,16,0,1
110,TORERO FRESHTERRY SEFERINA / TORMENTA,34,TORERO FRESHTERRY SEFERINA / TORMENTA - Gris - 28,Gris,28,5,10,0,15
110,TORERO FRESHTERRY SEFERINA / TORMENTA,35,TORERO FRESHTERRY SEFERINA / TORMENTA - Gris - 32,Gris,32,5,14,0,10
110,TORERO FRESHTERRY SEFERINA / TORMENTA,36,TORERO FRESHTERRY SEFERINA / TORMENTA - Gris - 34,Gris,34,5,16,0,10
110,TORERO FRESHTERRY SEFERINA / TORMENTA,37,TORERO FRESHTERRY SEFERINA / TORMENTA - Hielo - 28,Hielo,28,,10,0,22
110,TORERO FRESHTERRY SEFERINA / TORMENTA,38,TORERO FRESHTERRY SEFERINA / TORMENTA - Hielo - 32,Hielo,32,,14,0,25
110,TORERO FRESHTERRY SEFERINA / TORMENTA,39,TORERO FRESHTERRY SEFERINA / TORMENTA - Hielo - 34,Hielo,34,,16,0,19
47,TORERO JEANS / TORMENTA,329,TORERO JEANS / TORMENTA - Azul Clasico - 26,Azul Clasico,26,4,8,0,15
47,TORERO JEANS / TORMENTA,330,TORERO JEANS / TORMENTA - Azul Clasico - 30,Azul Clasico,30,4,12,0,16
47,TORERO JEANS / TORMENTA,331,TORERO JEANS / TORMENTA - Azul Clasico - 34,Azul Clasico,34,4,16,0,23
47,TORERO JEANS / TORMENTA,332,TORERO JEANS / TORMENTA - Azul Pizarra - 26,Azul Pizarra,26,,8,0,25
47,TORERO JEANS / TORMENTA,333,TORERO JEANS / TORMENTA - Azul Pizarra - 30,Azul Pizarra,30,,12,0,18
47,TORERO JEANS / TORMENTA,334,TORERO JEANS / TORMENTA - Azul Pizarra - 34,Azul Pizarra,34,,16,0,3
47,TORERO JEANS / TORMENTA,341,TORERO JEANS / TORMENTA - Celeste - 26,Celeste,26,,8,0,17
47,TORERO JEANS / TORMENTA,342,TORERO JEANS / TORMENTA - Celeste - 30,Celeste,30,,12,0,3
47,TORERO JEANS / TORMENTA,343,TORERO JEANS / TORMENTA - Celeste - 34,Celeste,34,,16,0,7
47,TORERO JEANS / TORMENTA,335,TORERO JEANS / TORMENTA - Gris - 26,Gris,26,5,8,0,14
47,TORERO JEANS / TORMENTA,336,TORERO JEANS / TORMENTA - Gris - 30,Gris,30,5,12,0,21
47,TORERO JEANS / TORMENTA,337,TORERO JEANS / TORMENTA - Gris - 34,Gris,34,5,16,0,22
47,TORERO JEANS / TORMENTA,338,TORERO JEANS / TORMENTA - Gris Plomo - 26,Gris Plomo,26,,8,0,2
47,TORERO JEANS / TORMENTA,339,TORERO JEANS / TORMENTA - Gris Plomo - 30,Gris Plomo,30,,12,0,6
47,TORERO JEANS / TORMENTA,340,TORERO JEANS / TORMENTA - Gris Plomo - 34,Gris Plomo,34,,16,0,1
47,TORERO JEANS / TORMENTA,344,TORERO JEANS / TORMENTA - Hielo - 26,Hielo,26,,8,0,14
47,TORERO JEANS / TORMENTA,345,TORERO JEANS / TORMENTA - Hielo - 30,Hielo,30,,12,0,19
47,TORERO JEANS / TORMENTA,346,TORERO JEANS / TORMENTA - Hielo - 34,Hielo,34,,16,0,12
48,VESTIDO CHALIS,328,VESTIDO CHALIS - Azul Vintage - L,Azul Vintage,L,,4,0,20
48,VESTIDO CHALIS,327,VESTIDO CHALIS - Azul Vintage - M,Azul Vintage,M,,3,0,3
48,VESTIDO CHALIS,326,VESTIDO CHALIS - Azul Vintage - S,Azul Vintage,S,,2,0,22
48,VESTIDO CHALIS,325,VESTIDO CHALIS - Rojo - L,Rojo,L,7,4,0,19
48,VESTIDO CHALIS,324,VESTIDO CHALIS - Rojo - M,Rojo,M,7,3,0,1
48,VESTIDO CHALIS,323,VESTIDO CHALIS - Rojo - S,Rojo,S,7,2,0,20
48,VESTIDO CHALIS,322,VESTIDO CHALIS - Rosa Pastel - L,Rosa Pastel,L,,4,0,19
48,VESTIDO CHALIS,321,VESTIDO CHALIS - Rosa Pastel - M,Rosa Pastel,M,,3,0,19
48,VESTIDO CHALIS,320,VESTIDO CHALIS - Rosa Pastel - S,Rosa Pastel,S,,2,0,16
48,VESTIDO CHALIS,319,VESTIDO CHALIS - Vino - L,Vino,L,,4,0,21
48,VESTIDO CHALIS,318,VESTIDO CHALIS - Vino - M,Vino,M,,3,0,9
48,VESTIDO CHALIS,317,VESTIDO CHALIS - Vino - S,Vino,S,,2,0,10